-0,0,-0,1,0,0,0
-0,0,-0,1,0,0,0
-0,0,-0,1,0,0,0
-0,0,-0,1,0,0,0
-0,0,-0,1,0,0,0
-0,0,-0,1,0,0,0
-0,0,-0,1,0,0,0
-0,0,-0,1,0,0,0
-0,0,-0,1,0,0,0
-0,0,-0,1,0,0,0
-0,0,-0,1,0,0,0
-0,0,-0,1,0,0,0
-0,0,-0,1,0,0,0
-0,0,-0,1,0,0,0
-0,0,-0,1,0,0,0
-0,0,-0,1,0,0,0
-0,0,-0,1,0,0,0
-0,0,-0,1,0,0,0
-0,0,-0,1,0,0,0
-0,0,-0,1,0,0,0
-0,0,-0,1,0,0,0
-0,0,-0,1,0,0,0
-0,0,-0,1,0,0,0
-0,0,-0,1,0,0,0
-0,0,-0,1,0,0,0
-0,0,-0,1,0,0,0
-0,0,-0,1,0,0,0
-0,0,-0,1,0,0,0
-0,0,-0,1,0,0,0
-0,0,-0,1,0,0,0
-0,0,-0,1,0,0,0
-0,0,-0,1,0,0,0
-0,0,-0,1,0,0,0
-0,0,-0,1,0,0,0
-0,0,-0,1,0,0,0
-0,0,-0,1,0,0,0
-0,0,-0,1,0,0,0
-0,0,-0,1,0,0,0
-0,0,-0,1,0,0,0
-0,0,-0,1,0,0,0
-0,0,-0,1,0,0,0
-0,0,-0,1,0,0,0
-0,0,-0,1,0,0,0
-0,0,-0,1,0,0,0
-0,0,-0,1,0,0,0
-0,0,-0,1,0,0,0
-0,0,-0,1,0,0,0
-0,0,-0,1,0,0,0
-0,0,-0,1,0,0,0
-0,0,-0,1,0,0,0
-0,0,-0,1,0,0,0
-0,0,-0,1,0,0,0
-0,0,-0,1,0,0,0
-0,0,-0,1,0,0,0
-0,0,-0,1,0,0,0
-0,0,-0,1,0,0,0
-0,0,-0,1,0,0,0
-0,0,-0,1,0,0,0
-0,0,-0,1,0,0,0
-0,0,-0,1,0,0,0
-0,0,-0,1,0,0,0
-0,0,-0,1,0,0,0
-0,0,-0,1,0,0,0
-0,0,-0,1,0,0,0
-0,0,-0,1,0,0,0
-0,0,-0,1,0,0,0
-0,0,-0,1,0,0,0
-0,0,-0,1,0,0,0
-0,0,-0,1,0,0,0
-0,0,-0,1,0,0,0
-0,0,-0,1,0,0,0
-0,0,-0,1,0,0,0
-0,0,-0,1,0,0,0
-0,0,-0,1,0,0,0
-0,0,-0,1,0,0,0
-0,0,-0,1,0,0,0
-0,0,-0,1,0,0,0
-0,0,-0,1,0,0,0
-0,0,-0,1,0,0,0
-0,0,-0,1,0,0,0
-0,0,-0,1,0,0,0
-0,0,-0,1,0,0,0
-0,0,-0,1,0,0,0
-0,0,-0,1,0,0,0
-0,0,-0,1,0,0,0
-0,0,-0,1,0,0,0
-0,0,-0,1,0,0,0
-0,0,-0,1,0,0,0
-0,0,-0,1,0,0,0
-0,0,-0,1,0,0,0
-0,0,-0,1,0,0,0
-0,0,-0,1,0,0,0
-0,0,-0,1,0,0,0
-0,0,-0,1,0,0,0
-0,0,-0,1,0,0,0
-0,0,-0,1,0,0,0
-0,0,-0,1,0,0,0
-0,0,-0,1,0,0,0
-0,0,-0,1,0,0,0
-0,0,-0,1,0,0,0
-0,0,-0,1,0,0,0
-0,0,-0,1,0,0,0
-0,0,-0,1,0,0,0
-0,0,-0,1,0,0,0
-0,0,-0,1,0,0,0
-0,0,-0,1,0,0,0
-0,0,-0,1,0,0,0
-0,0,-0,1,0,0,0
-0,0,-0,1,0,0,0
-0,0,-0,1,0,0,0
-0,0,-0,1,0,0,0
-0,0,-0,1,0,0,0
-0,0,-0,1,0,0,0
-0,0,-0,1,0,0,0
-0,0,-0,1,0,0,0
-0,0,-0,1,0,0,0
-0,0,-0,1,0,0,0
-0,0,-0,1,0,0,0
-0,0,-0,1,0,0,0
-0,0,-0,1,0,0,0
-0,0,-0,1,0,0,0
-0,0,-0,1,0,0,0
-0,0,-0,1,0,0,0
-0,0,-0,1,0,0,0
-0,0,-0,1,0,0,0
-0,0,-0,1,0,0,0
-0,0,-0,1,0,0,0
-0,0,-0,1,0,0,0
-0,0,-0,1,0,0,0
-0,0,-0,1,0,0,0
-0,0,-0,1,0,0,0
-0,0,-0,1,0,0,0
-0,0,-0,1,0,0,0
-0,0,-0,1,0,0,0
-0,0,-0,1,0,0,0
-0,0,-0,1,0,0,0
-0,0,-0,1,0,0,0
-0,0,-0,1,0,0,0
-0,0,-0,1,0,0,0
-0,0,-0,1,0,0,0
-0,0,-0,1,0,0,0
-0,0,-0,1,0,0,0
-0,0,-0,1,0,0,0
-0,0,-0,1,0,0,0
-0,0,-0,1,0,0,0
-0,0,-0,1,0,0,0
-0,0,-0,1,0,0,0
-0,0,-0,1,0,0,0
-0,0,-0,1,0,0,0
-0,0,-0,1,0,0,0
-0,0,-0,1,0,0,0
-0,0,-0,1,0,0,0
-0,0,-0,1,0,0,0
-0,0,-0,1,0,0,0
-0,0,-0,1,0,0,0
-0,0,-0,1,0,0,0
-0,0,-0,1,0,0,0
-0,0,-0,1,0,0,0
-0,0,-0,1,0,0,0
-0,0,-0,1,0,0,0
-0,0,-0,1,0,0,0
-0,0,-0,1,0,0,0
-0,0,-0,1,0,0,0
-0,0,-0,1,0,0,0
-0,0,-0,1,0,0,0
-0,0,-0,1,0,0,0
-0,0,-0,1,0,0,0
-0,0,-0,1,0,0,0
-0,0,-0,1,0,0,0
-0,0,-0,1,0,0,0
-0,0,-0,1,0,0,0
-0,0,-0,1,0,0,0
-0,0,-0,1,0,0,0
-0,0,-0,1,0,0,0
-0,0,-0,1,0,0,0
-0,0,-0,1,0,0,0
-0,0,-0,1,0,0,0
-0,0,-0,1,0,0,0
-0,0,-0,1,0,0,0
-0,0,-0,1,0,0,0
-0,0,-0,1,0,0,0
-0,0,-0,1,0,0,0
-0,0,-0,1,0,0,0
-0,0,-0,1,0,0,0
-0,0,-0,1,0,0,0
-0,0,-0,1,0,0,0
-0,0,-0,1,0,0,0
-0,0,-0,1,0,0,0
-0,0,-0,1,0,0,0
-0,0,-0,1,0,0,0
-0,0,-0,1,0,0,0
-0,0,-0,1,0,0,0
-0,0,-0,1,0,0,0
-0,0,-0,1,0,0,0
-0,0,-0,1,0,0,0
-0,0,-0,1,0,0,0
-0,0,-0,1,0,0,0
-0,0,-0,1,0,0,0
-0,0,-0,1,0,0,0
-0,0,-0,1,0,0,0
-0,0,-0,1,0,0,0
-0,0,-0,1,0,0,0
-0,0,-0,1,0,0,0
-0,0,-0,1,0,0,0
-0,0,-0,1,0,0,0
-0,0,-0,1,0,0,0
-0,0,-0,1,0,0,0
-0,0,-0,1,0,0,0
-0,0,-0,1,0,0,0
-0,0,-0,1,0,0,0
-0,0,-0,1,0,0,0
-0,0,-0,1,0,0,0
-0,0,-0,1,0,0,0
-0,0,-0,1,0,0,0
-0,0,-0,1,0,0,0
-0,0,-0,1,0,0,0
-0,0,-0,1,0,0,0
-0,0,-0,1,0,0,0
-0,0,-0,1,0,0,0
-0,0,-0,1,0,0,0
-0,0,-0,1,0,0,0
-0,0,-0,1,0,0,0
-0,0,-0,1,0,0,0
-0,0,-0,1,0,0,0
-0,0,-0,1,0,0,0
-0,0,-0,1,0,0,0
-0,0,-0,1,0,0,0
-0,0,-0,1,0,0,0
-0,0,-0,1,0,0,0
-0,0,-0,1,0,0,0
-0,0,-0,1,0,0,0
-0,0,-0,1,0,0,0
-0,0,-0,1,0,0,0
-0,0,-0,1,0,0,0
-0,0,-0,1,0,0,0
-0,0,-0,1,0,0,0
-0,0,-0,1,0,0,0
-0,0,-0,1,0,0,0
-0,0,-0,1,0,0,0
-0,0,-0,1,0,0,0
-0,0,-0,1,0,0,0
-0,0,-0,1,0,0,0
-0,0,-0,1,0,0,0
-0,0,-0,1,0,0,0
-0,0,-0,1,0,0,0
-0,0,-0,1,0,0,0
-0,0,-0,1,0,0,0
-0,0,-0,1,0,0,0
-0,0,-0,1,0,0,0
-0,0,-0,1,0,0,0
-0,0,-0,1,0,0,0
-0,0,-0,1,0,0,0
-0,0,-0,1,0,0,0
-0,0,-0,1,0,0,0
-0,0,-0,1,0,0,0
-0,0,-0,1,0,0,0
-0,0,-0,1,0,0,0
-0,0,-0,1,0,0,0
-0,0,-0,1,0,0,0
-0,0,-0,1,0,0,0
-0,0,-0,1,0,0,0
-0,0,-0,1,0,0,0
-0,0,-0,1,0,0,0
-0,0,-0,1,0,0,0
-0,0,-0,1,0,0,0
-0,0,-0,1,0,0,0
-0,0,-0,1,0,0,0
-0,0,-0,1,0,0,0
-0,0,-0,1,0,0,0
-0,0,-0,1,0,0,0
-0,0,-0,1,0,0,0
-0,0,-0,1,0,0,0
-0,0,-0,1,0,0,0
-0,0,-0,1,0,0,0
-0,0,-0,1,0,0,0
-0,0,-0,1,0,0,0
-0,0,-0,1,0,0,0
-0,0,-0,1,0,0,0
-0,0,-0,1,0,0,0
-0,0,-0,1,0,0,0
-0,0,-0,1,0,0,0
-0,0,-0,1,0,0,0
-0,0,-0,1,0,0,0
-0,0,-0,1,0,0,0
-0,0,-0,1,0,0,0
-0,0,-0,1,0,0,0
-0,0,-0,1,0,0,0
-0,0,-0,1,0,0,0
-0,0,-0,1,0,0,0
-0,0,-0,1,0,0,0
-0,0,-0,1,0,0,0
-0,0,-0,1,0,0,0
-0,0,-0,1,0,0,0
-0,0,-0,1,0,0,0
-0,0,-0,1,0,0,0
-0,0,-0,1,0,0,0
-0,0,-0,1,0,0,0
-0,0,-0,1,0,0,0
-0,0,-0,1,0,0,0
-0,0,-0,1,0,0,0
-0,0,-0,1,0,0,0
-0,0,-0,1,0,0,0
-0,0,-0,1,0,0,0
-0,0,-0,1,0,0,0
-0,0,-0,1,0,0,0
-0,0,-0,1,0,0,0
-0,0,-0,1,0,0,0
-0,0,-0,1,0,0,0
-0,0,-0,1,0,0,0
-0,0,-0,1,0,0,0
-0,0,-0,1,0,0,0
-0,0,-0,1,0,0,0
-0,0,-0,1,0,0,0
-0,0,-0,1,0,0,0
-0,0,-0,1,0,0,0
-0,0,-0,1,0,0,0
-0,0,-0,1,0,0,0
-0,0,-0,1,0,0,0
-0,0,-0,1,0,0,0
-0,0,-0,1,0,0,0
-0,0,-0,1,0,0,0
-0,0,-0,1,0,0,0
-0,0,-0,1,0,0,0
-0,0,-0,1,0,0,0
-0,0,-0,1,0,0,0
-0,0,-0,1,0,0,0
-0,0,-0,1,0,0,0
-0,0,-0,1,0,0,0
-0,0,-0,1,0,0,0
-0,0,-0,1,0,0,0
-0,0,-0,1,0,0,0
-0,0,-0,1,0,0,0
-0,0,-0,1,0,0,0
-0,0,-0,1,0,0,0
-0,0,-0,1,0,0,0
-0,0,-0,1,0,0,0
-0,0,-0,1,0,0,0
-0,0,-0,1,0,0,0
-0,0,-0,1,0,0,0
-0,0,-0,1,0,0,0
-0,0,-0,1,0,0,0
-0,0,-0,1,0,0,0
-0,0,-0,1,0,0,0
-0,0,-0,1,0,0,0
-0,0,-0,1,0,0,0
-0,0,-0,1,0,0,0
-0,0,-0,1,0,0,0
-0,0,-0,1,0,0,0
-0,0,-0,1,0,0,0
-0,0,-0,1,0,0,0
-0,0,-0,1,0,0,0
-0,0,-0,1,0,0,0
-0,0,-0,1,0,0,0
-0,0,-0,1,0,0,0
-0,0,-0,1,0,0,0
-0,0,-0,1,0,0,0
-0,0,-0,1,0,0,0
-0,0,-0,1,0,0,0
-0,0,-0,1,0,0,0
-0,0,-0,1,0,0,0
-0,0,-0,1,0,0,0
-0,0,-0,1,0,0,0
-0,0,-0,1,0,0,0
-0,0,-0,1,0,0,0
-0,0,-0,1,0,0,0
-0,0,-0,1,0,0,0
-0,0,-0,1,0,0,0
-0,0,-0,1,0,0,0
-0,0,-0,1,0,0,0
-0,0,-0,1,0,0,0
-0,0,-0,1,0,0,0
-0,0,-0,1,0,0,0
-0,0,-0,1,0,0,0
-0,0,-0,1,0,0,0
-0,0,-0,1,0,0,0
-0,0,-0,1,0,0,0
-0,0,-0,1,0,0,0
-0,0,-0,1,0,0,0
-0,0,-0,1,0,0,0
-0,0,-0,1,0,0,0
-0,0,-0,1,0,0,0
-0,0,-0,1,0,0,0
-0,0,-0,1,0,0,0
-0,0,-0,1,0,0,0
-0,0,-0,1,0,0,0
-0,0,-0,1,0,0,0
-0,0,-0,1,0,0,0
-0,0,-0,1,0,0,0
-0,0,-0,1,0,0,0
-0,0,-0,1,0,0,0
-0,0,-0,1,0,0,0
-0,0,-0,1,0,0,0
-0,0,-0,1,0,0,0
-0,0,-0,1,0,0,0
-0,0,-0,1,0,0,0
-0,0,-0,1,0,0,0
-0,0,-0,1,0,0,0
-0,0,-0,1,0,0,0
-0,0,-0,1,0,0,0
-0,0,-0,1,0,0,0
-0,0,-0,1,0,0,0
-0,0,-0,1,0,0,0
-0,0,-0,1,0,0,0
-0,0,-0,1,0,0,0
-0,0,-0,1,0,0,0
-0,0,-0,1,0,0,0
-0,0,-0,1,0,0,0
-0,0,-0,1,0,0,0
-0,0,-0,1,0,0,0
-0,0,-0,1,0,0,0
-0,0,-0,1,0,0,0
-0,0,-0,1,0,0,0
-0,0,-0,1,0,0,0
-0,0,-0,1,0,0,0
-0,0,-0,1,0,0,0
-0,0,-0,1,0,0,0
-0,0,-0,1,0,0,0
-0,0,-0,1,0,0,0
-0,0,-0,1,0,0,0
-0,0,-0,1,0,0,0
-0,0,-0,1,0,0,0
-0,0,-0,1,0,0,0
-0,0,-0,1,0,0,0
-0,0,-0,1,0,0,0
-0,0,-0,1,0,0,0
-0,0,-0,1,0,0,0
-0,0,-0,1,0,0,0
-0,0,-0,1,0,0,0
-0,0,-0,1,0,0,0
-0,0,-0,1,0,0,0
-0,0,-0,1,0,0,0
-0,0,-0,1,0,0,0
-0,0,-0,1,0,0,0
-0,0,-0,1,0,0,0
-0,0,-0,1,0,0,0
-0,0,-0,1,0,0,0
-0,0,-0,1,0,0,0
-0,0,-0,1,0,0,0
-0,0,-0,1,0,0,0
-0,0,-0,1,0,0,0
-0,0,-0,1,0,0,0
-0,0,-0,1,0,0,0
-0,0,-0,1,0,0,0
-0,0,-0,1,0,0,0
-0,0,-0,1,0,0,0
-0,0,-0,1,0,0,0
-0,0,-0,1,0,0,0
-0,0,-0,1,0,0,0
-0,0,-0,1,0,0,0
-0,0,-0,1,0,0,0
-0,0,-0,1,0,0,0
-0,0,-0,1,0,0,0
-0,0,-0,1,0,0,0
-0,0,-0,1,0,0,0
-0,0,-0,1,0,0,0
-0,0,-0,1,0,0,0
-0,0,-0,1,0,0,0
-0,0,-0,1,0,0,0
-0,0,-0,1,0,0,0
-0,0,-0,1,0,0,0
-0,0,-0,1,0,0,0
-0,0,-0,1,0,0,0
-0,0,-0,1,0,0,0
-0,0,-0,1,0,0,0
-0,0,-0,1,0,0,0
-0,0,-0,1,0,0,0
-0,0,-0,1,0,0,0
-0,0,-0,1,0,0,0
-0,0,-0,1,0,0,0
-0,0,-0,1,0,0,0
-0,0,-0,1,0,0,0
-0,0,-0,1,0,0,0
-0,0,-0,1,0,0,0
-0,0,-0,1,0,0,0
-0,0,-0,1,0,0,0
-0,0,-0,1,0,0,0
-0,0,-0,1,0,0,0
-0,0,-0,1,0,0,0
-0,0,-0,1,0,0,0
-0,0,-0,1,0,0,0
-0,0,-0,1,0,0,0
-0,0,-0,1,0,0,0
-0,0,-0,1,0,0,0
-0,0,-0,1,0,0,0
-0,0,-0,1,0,0,0
-0,0,-0,1,0,0,0
-0,0,-0,1,0,0,0
-0,0,-0,1,0,0,0
-0,0,-0,1,0,0,0
-0,0,-0,1,0,0,0
-0,0,-0,1,0,0,0
-0,0,-0,1,0,0,0
-0,0,-0,1,0,0,0
-0,0,-0,1,0,0,0
-0,0,-0,1,0,0,0
-0,0,-0,1,0,0,0
-0,0,-0,1,0,0,0
-0,0,-0,1,0,0,0
-0,0,-0,1,0,0,0
-0,0,-0,1,0,0,0
-0,0,-0,1,0,0,0
-0,0,-0,1,0,0,0
-0,0,-0,1,0,0,0
-0,0,-0,1,0,0,0
-0,0,-0,1,0,0,0
-0,0,-0,1,0,0,0
0.00250548,0.00177218,-0.00471156,0.0368428,0.0280988,0.571063,-0.819598
0.00250548,0.00177218,-0.00471156,0.0368428,0.0280988,0.571063,-0.819598
0.00250548,0.00177218,-0.00471156,0.0368428,0.0280988,0.571063,-0.819598
0.00250548,0.00177218,-0.00471156,0.0368428,0.0280988,0.571063,-0.819598
0.00197326,0.0037826,-0.0062134,0.0360363,0.0298466,0.567728,-0.821886
0.00197326,0.0037826,-0.0062134,0.0360363,0.0298466,0.567728,-0.821886
0.00197326,0.0037826,-0.0062134,0.0360363,0.0298466,0.567728,-0.821886
-0.000365494,0.0106501,-0.00953792,1,1.2368e-05,-1.36048e-05,-3.41702e-05
-0.000709452,0.0118833,-0.0100854,1,0.000377238,-0.000140116,-0.000173027
-0.00101516,0.013379,-0.0106751,1,0.000803411,-0.000291158,-0.000324335
-0.00134405,0.0148095,-0.0112728,0.999999,0.00126565,-0.000460403,-0.00052342
-0.00171123,0.0162413,-0.0119134,0.999998,0.00176322,-0.00060703,-0.00080473
-0.00209937,0.017699,-0.0125909,0.999997,0.00226206,-0.000730714,-0.00107043
-0.00247357,0.0191393,-0.0132687,0.999995,0.00273433,-0.000922197,-0.00128599
-0.0030074,0.0208111,-0.0140338,0.999993,0.00329706,-0.00116045,-0.00148458
-0.00352958,0.0225197,-0.0148277,0.99999,0.00387588,-0.00132277,-0.00162167
-0.00403422,0.0242623,-0.0156338,0.999988,0.00445536,-0.00149004,-0.00166503
-0.00451512,0.0260048,-0.016421,0.999985,0.00493217,-0.00173221,-0.00172932
-0.00500966,0.0278136,-0.0172218,0.999982,0.00530931,-0.0019566,-0.00188554
-0.00552611,0.029692,-0.0180333,0.999979,0.00570416,-0.00210185,-0.00202866
-0.00592023,0.032249,-0.0120643,0.999807,0.015962,-0.000301728,0.0114803
-0.00692899,0.0345589,-0.00853465,0.999604,0.0216505,0.000618065,0.0179866
-0.00833504,0.0367294,-0.00632195,0.999459,0.0249818,0.00109714,0.0213442
-0.0100098,0.0388607,-0.00483174,0.999362,0.0270772,0.00137622,0.023261
-0.0118872,0.0410115,-0.00371775,0.999294,0.0284497,0.00147869,0.024504
-0.00519412,0.0457313,0.00683717,0.999209,0.0316182,0.00472402,0.0236709
-0.00222219,0.0493251,0.0130989,0.999138,0.0336369,0.00641019,0.0234562
-0.00124808,0.0522804,0.0171251,0.99908,0.0350556,0.00736478,0.0235718
-0.00146173,0.0549658,0.0200091,0.999029,0.0362081,0.00787975,0.0238406
-0.00292884,0.0550421,0.0152504,0.999023,0.0358853,0.00812647,0.0244909
-0.00497958,0.0540925,0.00798965,0.99903,0.0350924,0.00829105,0.0252678
-0.00700376,0.0544333,0.0043742,0.999013,0.0350553,0.00842117,0.0259357
-0.00907508,0.0555765,0.00273398,0.998982,0.0353921,0.0084922,0.0266648
-0.011216,0.0571826,0.00220468,0.998946,0.0357978,0.00853317,0.0274457
-0.0134946,0.0590348,0.00229735,0.998905,0.0363417,0.00862137,0.0281618
-0.0158473,0.0610113,0.00301978,0.998898,0.0365823,0.00854474,0.0281173
-0.0183052,0.0630834,0.00369643,0.998859,0.0371346,0.00856174,0.0287739
-0.0206933,0.0651291,0.00452471,0.998822,0.037689,0.00857582,0.0293476
-0.0232881,0.0673487,0.00555424,0.998789,0.0382647,0.00860091,0.0297141
-0.0259241,0.0695839,0.0066677,0.998755,0.0388611,0.00860757,0.0300781
-0.028406,0.0717102,0.00779969,0.998719,0.039346,0.00863197,0.0306146
-0.0309235,0.0738283,0.00901622,0.998683,0.0397779,0.00869815,0.0312073
-0.0335685,0.075964,0.0103267,0.998645,0.0402162,0.00871642,0.0318397
-0.036479,0.0781827,0.0117913,0.998611,0.0405554,0.00868494,0.0324911
-0.0394641,0.0803469,0.0132944,0.998581,0.040734,0.00871095,0.0331646
-0.0425801,0.0826095,0.0147492,0.998555,0.0408114,0.00878852,0.0338519
-0.0458515,0.084959,0.0162529,0.998528,0.0407982,0.00885643,0.034624
-0.0491573,0.0872511,0.0178443,0.998498,0.040765,0.00896886,0.0355018
-0.0525566,0.0895015,0.0195169,0.998465,0.0408071,0.00922547,0.0362851
-0.0560399,0.0919255,0.0211468,0.998439,0.040769,0.00964436,0.0369436
-0.0595115,0.0943594,0.0227353,0.998419,0.0406328,0.010098,0.0375141
-0.0632023,0.0967246,0.0244916,0.998403,0.0405019,0.0105771,0.0379485
-0.066938,0.0989792,0.0263082,0.998389,0.0403531,0.0111605,0.0382917
-0.0707911,0.101227,0.0282196,0.998379,0.0402229,0.0117791,0.0385183
-0.0748395,0.103551,0.0302503,0.998372,0.0401439,0.0123978,0.0385746
-0.0789549,0.105898,0.0323112,0.998366,0.0400813,0.0131414,0.0385529
-0.0784557,0.116625,0.00434532,0.998553,0.0397409,0.0152928,0.0328489
-0.0761327,0.129639,-0.0268515,0.998699,0.0396273,0.0177658,0.0267396
-0.0760629,0.138109,-0.0411407,0.998727,0.0398531,0.0195369,0.0239537
-0.0773829,0.144336,-0.0479256,0.998714,0.04019,0.0211233,0.0225514
-0.0737869,0.154219,-0.077139,0.998973,0.0336852,0.0222141,0.0206322
-0.072945,0.161299,-0.0914582,0.999074,0.0302009,0.023414,0.019783
-0.073624,0.166865,-0.0990617,0.999105,0.0283376,0.0247418,0.0193514
-0.0754147,0.171898,-0.103363,0.999101,0.0273244,0.0261974,0.0190975
-0.0778242,0.176646,-0.105922,0.99908,0.0267093,0.0276623,0.0190062
-0.0801456,0.179881,-0.103805,0.999107,0.0254264,0.0286937,0.0177751
-0.0824438,0.182668,-0.100072,0.999141,0.0239588,0.0296858,0.0161643
-0.0850789,0.186347,-0.0981784,0.999136,0.0230648,0.0310034,0.0153015
-0.0878256,0.190432,-0.0972865,0.999107,0.0224808,0.0324999,0.0149384
-0.0906837,0.194787,-0.0969571,0.999066,0.0219823,0.0341358,0.0147724
-0.0940144,0.20029,-0.0969158,0.999013,0.0215853,0.0359634,0.0146404
-0.0976223,0.206559,-0.0969523,0.998906,0.0211163,0.0389543,0.0149368
-0.101001,0.211846,-0.0972419,0.998838,0.0206965,0.0408432,0.015061
-0.104398,0.216981,-0.097544,0.998767,0.020178,0.0427355,0.0152166
-0.106146,0.223283,-0.0965047,0.998717,0.0187487,0.0447996,0.0143768
-0.107219,0.229916,-0.095112,0.998664,0.0170779,0.0469282,0.013304
-0.109178,0.235803,-0.0945326,0.998588,0.0159306,0.0490216,0.012829
-0.111684,0.241261,-0.0944107,0.998499,0.0150289,0.0511073,0.0126945
-0.11452,0.246481,-0.094544,0.998295,0.0132672,0.0554067,0.0127234
-0.117632,0.251641,-0.0948264,0.998236,0.0130261,0.0564696,0.0129063
-0.121432,0.258013,-0.0942945,0.998221,0.011055,0.0572543,0.012447
-0.125458,0.264474,-0.0937464,0.998285,0.00855142,0.056795,0.0113331
-0.129144,0.270229,-0.0938391,0.998263,0.00680089,0.0574937,0.0108821
-0.132592,0.275535,-0.0942999,0.99819,0.00567302,0.058862,0.0109258
-0.136337,0.282418,-0.0958147,0.99814,0.00424835,0.0598447,0.010807
-0.140221,0.289703,-0.0978765,0.99809,0.00277507,0.0608066,0.0105194
-0.143736,0.29562,-0.099606,0.997997,0.0017572,0.0623607,0.0105114
-0.147039,0.300766,-0.101158,0.99788,0.00104985,0.0641913,0.010708
-0.150308,0.305553,-0.102651,0.997752,0.000593901,0.0661107,0.0109394
-0.153659,0.310193,-0.104139,0.997616,0.00033778,0.0681138,0.0111187
-0.149805,0.315371,-0.0976367,0.997456,-0.000156611,0.0706722,0.00933133
-0.15057,0.319873,-0.0964653,0.997335,-0.00027582,0.0724194,0.00890069
-0.152361,0.324298,-0.0964015,-0.997201,0.000268251,-0.0742376,-0.00887624
-0.154737,0.328612,-0.0969806,-0.997062,0.000142843,-0.0760643,-0.00908211
-0.153969,0.333958,-0.0974982,-0.99698,0.000831008,-0.0772277,-0.0081024
-0.18887,0.390742,-0.118164,-0.995356,-0.000716001,-0.0959615,-0.00759898
-0.192246,0.394295,-0.120669,-0.995285,-0.00101399,-0.0966925,-0.0075855
-0.195598,0.397549,-0.123024,-0.995206,-0.0013538,-0.0974969,-0.00764249
-0.198686,0.400429,-0.125124,-0.995114,-0.00173929,-0.098404,-0.00785343
-0.201605,0.403082,-0.127062,-0.995015,-0.00213912,-0.0993703,-0.00816184
-0.204641,0.405772,-0.129043,-0.994916,-0.00258559,-0.100314,-0.00847517
-0.209265,0.410032,-0.129146,-0.994879,-0.00384936,-0.100601,-0.00900735
-0.213381,0.413617,-0.130071,-0.994814,-0.00464749,-0.101151,-0.0095917
-0.21685,0.417362,-0.131666,-0.994736,-0.00495434,-0.10185,-0.0101301
-0.219995,0.421556,-0.13359,-0.9946,-0.00486484,-0.103084,-0.0109936
-0.223296,0.424681,-0.135531,-0.994513,-0.00486675,-0.103885,-0.0113545
-0.22661,0.427642,-0.137459,-0.994423,-0.00503731,-0.104701,-0.0116056
-0.230022,0.430585,-0.139428,-0.994338,-0.00534004,-0.105481,-0.011731
-0.23335,0.433423,-0.141332,-0.994254,-0.00566685,-0.106242,-0.0117746
-0.236232,0.43832,-0.144758,-0.994225,-0.00538224,-0.106555,-0.0115327
-0.239298,0.442236,-0.147558,-0.994178,-0.00531062,-0.107021,-0.0113361
-0.242721,0.445809,-0.150155,-0.994125,-0.0053694,-0.10753,-0.0111548
-0.246018,0.44897,-0.152436,-0.994067,-0.00547999,-0.108067,-0.0110593
-0.249432,0.452251,-0.154681,-0.993963,-0.00567177,-0.108999,-0.0111497
-0.251713,0.457727,-0.164481,-0.994005,-0.00524986,-0.108687,-0.0106642
-0.254537,0.462055,-0.170828,-0.994007,-0.00506714,-0.108701,-0.0103861
-0.257477,0.465609,-0.175226,-0.993982,-0.00497359,-0.108944,-0.0102749
-0.260742,0.468949,-0.178725,-0.993944,-0.00494719,-0.109296,-0.0102304
-0.263988,0.472026,-0.181579,-0.9939,-0.0050061,-0.109697,-0.010184
-0.267648,0.475723,-0.186946,-0.993925,-0.00460249,-0.109512,-0.00993503
-0.271091,0.478931,-0.190909,-0.993922,-0.00459456,-0.109572,-0.00960786
-0.274708,0.482112,-0.194295,-0.993903,-0.00486135,-0.109764,-0.00918035
-0.278307,0.48519,-0.19728,-0.993874,-0.00525391,-0.110047,-0.00875447
-0.282024,0.487134,-0.199124,-0.99384,-0.00558695,-0.110365,-0.00838993
-0.285679,0.489533,-0.201266,-0.993808,-0.00600237,-0.110652,-0.0080596
-0.289353,0.492243,-0.203606,-0.993775,-0.00644743,-0.110948,-0.00773354
-0.292878,0.495008,-0.205946,-0.993735,-0.00693074,-0.111294,-0.00753537
-0.296631,0.498065,-0.208522,-0.993695,-0.00742856,-0.111615,-0.00750009
-0.300175,0.50103,-0.210988,-0.993658,-0.00793222,-0.111903,-0.00762698
-0.302546,0.503033,-0.214339,-0.993629,-0.00840309,-0.112132,-0.00759023
-0.30554,0.505617,-0.21745,-0.993594,-0.00904024,-0.112387,-0.00766627
-0.308877,0.508533,-0.220402,-0.993555,-0.00983778,-0.112652,-0.00781787
-0.311472,0.512263,-0.225044,-0.993511,-0.0108896,-0.112912,-0.00827928
-0.313958,0.516214,-0.230122,-0.993511,-0.0115069,-0.112831,-0.00849999
-0.316986,0.519947,-0.234223,-0.993496,-0.0123261,-0.112852,-0.00888054
-0.320386,0.523607,-0.237809,-0.993465,-0.013286,-0.112969,-0.009396
-0.323988,0.527228,-0.24108,-0.993426,-0.0143111,-0.113135,-0.0100081
-0.327695,0.530827,-0.244155,-0.993384,-0.0153942,-0.113304,-0.0106889
-0.33101,0.535015,-0.247789,-0.993347,-0.0162691,-0.113437,-0.0113763
-0.334304,0.539476,-0.251646,-0.993312,-0.0170558,-0.113555,-0.0121004
-0.33782,0.543564,-0.255031,-0.993272,-0.0179164,-0.113678,-0.0128893
-0.341531,0.547504,-0.258175,-0.993235,-0.0187961,-0.11377,-0.0137115
-0.34533,0.551326,-0.261136,-0.9932,-0.0196134,-0.113829,-0.0145287
-0.348499,0.556387,-0.266093,-0.993162,-0.0202863,-0.113876,-0.0157779
-0.351425,0.561527,-0.271535,-0.993173,-0.020351,-0.113681,-0.0164334
-0.354593,0.565885,-0.275628,-0.993178,-0.0203386,-0.113531,-0.0171933
-0.358295,0.570186,-0.2792,-0.99317,-0.0202727,-0.113483,-0.0179787
-0.362217,0.574409,-0.282392,-0.993157,-0.0201486,-0.113496,-0.0187707
-0.366327,0.578693,-0.285406,-0.993152,-0.0199438,-0.113444,-0.0195229
-0.369854,0.583309,-0.288568,-0.993164,-0.0194838,-0.113304,-0.0202223
-0.373837,0.587962,-0.291562,-0.993167,-0.018983,-0.11324,-0.0208897
-0.377957,0.592575,-0.294355,-0.993167,-0.018454,-0.11319,-0.021599
-0.380522,0.597713,-0.296808,-0.993154,-0.0177395,-0.113309,-0.0221744
-0.383608,0.602953,-0.299268,-0.993133,-0.0165498,-0.113438,-0.0233461
-0.387683,0.60792,-0.301818,-0.993133,-0.0157693,-0.113403,-0.0240402
-0.391992,0.61297,-0.304364,-0.993135,-0.0149849,-0.113337,-0.0247643
-0.396564,0.618249,-0.306944,-0.993135,-0.014274,-0.113274,-0.0254714
-0.40154,0.624107,-0.309946,-0.993151,-0.0134065,-0.113078,-0.0261852
-0.40673,0.630317,-0.313083,-0.993176,-0.0124875,-0.112814,-0.0268209
-0.411789,0.636377,-0.315908,-0.993193,-0.0117263,-0.11262,-0.0273325
-0.416856,0.642822,-0.319078,-0.993204,-0.0106404,-0.112459,-0.0280109
-0.421746,0.649026,-0.32214,-0.993232,-0.00997406,-0.11226,-0.0280745
-0.4268,0.655303,-0.324942,-0.993265,-0.00939596,-0.112073,-0.0278601
-0.43194,0.66163,-0.327566,-0.993299,-0.00886607,-0.111919,-0.027438
-0.437164,0.668044,-0.330081,-0.993332,-0.00838798,-0.111792,-0.0268996
-0.442791,0.674947,-0.332663,-0.993367,-0.00794458,-0.111663,-0.0262621
-0.448108,0.681479,-0.33469,-0.993399,-0.00764063,-0.111576,-0.0255149
-0.453412,0.68802,-0.336519,-0.993427,-0.00740084,-0.111516,-0.0247265
-0.458752,0.69466,-0.338504,-0.993454,-0.00712511,-0.11147,-0.0239415
-0.464229,0.701489,-0.340625,-0.993477,-0.00680071,-0.11146,-0.0230973
-0.469738,0.708375,-0.342773,-0.993491,-0.00643381,-0.111538,-0.0222182
-0.474028,0.714803,-0.34372,-0.993492,-0.00611132,-0.111769,-0.0210886
-0.477886,0.721085,-0.344199,-0.993484,-0.00589526,-0.112069,-0.0198714
-0.482479,0.727716,-0.345321,-0.993471,-0.00567919,-0.112386,-0.0187686
-0.48733,0.734312,-0.346748,-0.993447,-0.00541547,-0.112767,-0.0177938
-0.492809,0.741458,-0.348517,-0.993413,-0.00512144,-0.113217,-0.016937
-0.498437,0.748665,-0.3504,-0.993367,-0.00484583,-0.113726,-0.0162463
-0.503243,0.75498,-0.350846,-0.993312,-0.00473574,-0.114312,-0.0155418
-0.507787,0.760964,-0.350755,-0.993244,-0.00474674,-0.114993,-0.0148325
-0.513019,0.767559,-0.351504,-0.99317,-0.00473955,-0.115714,-0.0142058
-0.518592,0.774394,-0.35272,-0.993092,-0.004684,-0.116457,-0.0135822
-0.523458,0.781239,-0.353845,-0.992949,-0.00449672,-0.11777,-0.0127761
-0.528331,0.788104,-0.355229,-0.992846,-0.00437599,-0.118701,-0.0121549
-0.533862,0.795128,-0.356836,-0.992748,-0.00424534,-0.119571,-0.0116497
-0.539876,0.802319,-0.358604,-0.992658,-0.00416759,-0.120364,-0.0111671
-0.5439,0.807609,-0.359155,-0.992553,-0.00415349,-0.121283,-0.0105894
-0.547391,0.812294,-0.359289,-0.99244,-0.00417933,-0.122243,-0.0100777
-0.551964,0.817643,-0.360048,-0.992339,-0.00418204,-0.123087,-0.00974579
-0.557278,0.823402,-0.361202,-0.992246,-0.00414619,-0.12386,-0.00942631
-0.562959,0.829247,-0.362563,-0.992152,-0.00412914,-0.124642,-0.00900186
-0.567149,0.834361,-0.363254,-0.992047,-0.0041492,-0.125517,-0.00836573
-0.570815,0.839098,-0.363665,-0.991942,-0.0042226,-0.126387,-0.00772362
-0.575502,0.844116,-0.364503,-0.991841,-0.00435758,-0.127206,-0.00720714
-0.58087,0.849305,-0.365614,-0.991743,-0.00453302,-0.12798,-0.00679228
-0.586588,0.854489,-0.366868,-0.991652,-0.00471714,-0.128696,-0.0064722
-0.592542,0.859642,-0.368196,-0.991562,-0.00488392,-0.129396,-0.00618652
-0.597242,0.864298,-0.369677,-0.991469,-0.00499713,-0.13012,-0.00573071
-0.601328,0.868546,-0.371147,-0.991372,-0.00507247,-0.130876,-0.00520991
-0.606606,0.873215,-0.372633,-0.991267,-0.00510544,-0.131687,-0.00470836
-0.612422,0.877985,-0.374098,-0.991153,-0.00510034,-0.132558,-0.00425142
-0.618379,0.88267,-0.37551,-0.991036,-0.00509432,-0.13344,-0.00383652
-0.622725,0.887241,-0.37597,-0.990836,-0.00523609,-0.134929,-0.00328019
-0.626665,0.891644,-0.376041,-0.990698,-0.0054101,-0.135943,-0.0027335
-0.631656,0.896151,-0.376591,-0.990549,-0.00544187,-0.137033,-0.00234097
-0.637147,0.900617,-0.377393,-0.990384,-0.00528812,-0.138232,-0.00210751
-0.643204,0.905272,-0.378387,-0.990206,-0.00508496,-0.139509,-0.00193474
-0.648657,0.908803,-0.378218,-0.989999,-0.00499016,-0.140976,-0.00168238
-0.654087,0.912065,-0.377667,-0.989771,-0.00503603,-0.142573,-0.00129442
-0.659949,0.91592,-0.377782,-0.989535,-0.00508037,-0.1442,-0.000813194
-0.665975,0.920045,-0.378272,-0.989296,-0.00508234,-0.145836,-0.000355113
-0.671335,0.923816,-0.377918,-0.989038,-0.00514707,-0.147573,5.16195e-05
-0.676445,0.92747,-0.377308,-0.988768,-0.00524953,-0.149366,0.000410885
-0.681853,0.931448,-0.377066,-0.988357,-0.00528786,-0.152062,0.000721643
-0.687671,0.935458,-0.377775,-0.988237,-0.00531912,-0.152832,0.00104262
-0.693743,0.939768,-0.378444,-0.987981,-0.00535911,-0.154476,0.00130493
-0.700443,0.942755,-0.379811,-0.987591,-0.0054917,-0.156944,0.00157932
-0.707054,0.946322,-0.381065,-0.987335,-0.00556028,-0.158538,0.0018612
-0.713558,0.950231,-0.382203,-0.987084,-0.00548384,-0.160094,0.0020806
-0.720049,0.954377,-0.383286,-0.986841,-0.00528398,-0.161594,0.00226121
-0.726519,0.95866,-0.384348,-0.986603,-0.00500125,-0.163048,0.00233562
-0.732939,0.963008,-0.38539,-0.986368,-0.00474834,-0.164469,0.00222413
-0.739341,0.967409,-0.386428,-0.986136,-0.00463197,-0.165861,0.00194247
-0.746161,0.972027,-0.388191,-0.985927,-0.00452825,-0.167109,0.00154108
-0.752642,0.976498,-0.389766,-0.985602,-0.00385666,-0.169032,0.00101192
-0.759219,0.980858,-0.391021,-0.985393,-0.0029794,-0.170265,0.00102372
-0.765059,0.984482,-0.391503,-0.985172,-0.00196967,-0.171552,0.00116949
-0.770698,0.987892,-0.391712,-0.984959,-0.0010148,-0.172777,0.00135223
-0.776676,0.991606,-0.392284,-0.984754,-0.000107646,-0.173946,0.00149111
-0.782899,0.995456,-0.39306,-0.984542,0.000894427,-0.175141,0.00159971
-0.788928,0.998341,-0.393038,-0.984338,0.00217235,-0.176269,0.00164847
-0.794987,1.00087,-0.392782,-0.984155,0.00375032,-0.177264,0.00161997
-0.801201,1.00384,-0.393061,-0.983964,0.00550935,-0.178274,0.00154823
-0.807651,1.00715,-0.393533,-0.983648,0.0083043,-0.179908,0.00126306
-0.813899,1.01046,-0.394331,-0.983466,0.0103658,-0.180789,0.00121463
-0.820278,1.0138,-0.395222,-0.983288,0.0126319,-0.181612,0.0012269
-0.826168,1.01622,-0.396452,-0.983102,0.0150068,-0.182437,0.00134245
-0.831897,1.01829,-0.397821,-0.982915,0.0173714,-0.183233,0.00153441
-0.83777,1.02078,-0.399044,-0.982738,0.0196199,-0.183951,0.00172089
-0.843827,1.02354,-0.40023,-0.982564,0.0217294,-0.18464,0.00194981
-0.850685,1.02589,-0.400984,-0.982378,0.0238671,-0.185361,0.00209953
-0.857356,1.02852,-0.401955,-0.982197,0.025947,-0.186039,0.00220335
-0.863979,1.03133,-0.403037,-0.981915,0.0291235,-0.187055,0.00206596
-0.870743,1.03429,-0.404329,-0.981732,0.0311952,-0.187682,0.00232995
-0.877398,1.03719,-0.405687,-0.981551,0.0331793,-0.18828,0.00292014
-0.883993,1.04002,-0.407107,-0.981376,0.0350788,-0.188825,0.00392691
-0.892684,1.04365,-0.411168,-0.981258,0.0370512,-0.18903,0.00529785
-0.900479,1.04699,-0.41421,-0.98112,0.0387044,-0.189361,0.00691889
-0.907971,1.05027,-0.416778,-0.98098,0.0399692,-0.189752,0.00870907
-0.91519,1.05368,-0.41923,-0.980758,0.0410747,-0.190514,0.0114375
-0.923619,1.05692,-0.421747,-0.98064,0.0413961,-0.190932,0.0133146
-0.931305,1.06018,-0.424151,-0.980536,0.0412781,-0.191353,0.0151408
-0.938581,1.06347,-0.426533,-0.980441,0.040767,-0.191802,0.016876
-0.945723,1.06684,-0.428971,-0.980349,0.0399584,-0.192285,0.018566
-0.95262,1.07019,-0.431452,-0.980269,0.0389341,-0.192737,0.0202272
-0.960068,1.07388,-0.436218,-0.980172,0.0371013,-0.1933,0.0228269
-0.966884,1.0773,-0.439541,-0.980107,0.035737,-0.193654,0.0247094
-0.974059,1.08097,-0.442869,-0.980041,0.0342687,-0.194014,0.0265259
-0.980896,1.08453,-0.446037,-0.979979,0.032698,-0.194377,0.0281218
-0.988298,1.08881,-0.449875,-0.979925,0.0309677,-0.194741,0.0293853
-0.995974,1.09336,-0.45403,-0.979879,0.0291133,-0.195091,0.0304745
-1.00309,1.09738,-0.457794,-0.979824,0.0272727,-0.195448,0.0316399
-1.00995,1.10137,-0.461472,-0.979722,0.0245876,-0.196039,0.0333035
-1.0162,1.10512,-0.464303,-0.97965,0.022849,-0.196394,0.0345344
-1.02222,1.10884,-0.466881,-0.979567,0.0211904,-0.196805,0.035595
-1.02829,1.1124,-0.469815,-0.979494,0.0196073,-0.197205,0.0362828
-1.03453,1.11588,-0.473071,-0.97944,0.0180942,-0.197554,0.0366386
-1.04056,1.11912,-0.476399,-0.979401,0.0166078,-0.197846,0.0368153
-1.04343,1.12105,-0.48231,-0.979396,0.015468,-0.197921,0.0370426
-1.04687,1.12312,-0.48752,-0.97935,0.0137074,-0.198277,0.0370534
-1.05186,1.12546,-0.491606,-0.979321,0.0124856,-0.198485,0.0371243
-1.05701,1.12768,-0.495444,-0.97929,0.0111877,-0.198701,0.0371991
-1.06227,1.12977,-0.499187,-0.979255,0.00989386,-0.198927,0.0372726
-1.06569,1.13094,-0.504078,-0.979249,0.00888878,-0.198997,0.037306
-1.06852,1.13172,-0.509373,-0.979254,0.0081026,-0.199005,0.0373221
-1.0724,1.13279,-0.514044,-0.979241,0.00729844,-0.199102,0.0373241
-1.07688,1.13396,-0.518392,-0.979222,0.00647375,-0.19923,0.0372652
-1.07989,1.13472,-0.522871,-0.979211,0.00593233,-0.199296,0.0373074
-1.0833,1.1356,-0.527133,-0.979171,0.00511402,-0.19952,0.0372771
-1.08776,1.13645,-0.531078,-0.97914,0.0045467,-0.199667,0.0373837
-1.09239,1.13717,-0.534972,-0.979103,0.00407067,-0.199842,0.0374829
-1.09715,1.13775,-0.538887,-0.979065,0.0037165,-0.200004,0.0376311
-1.10185,1.13818,-0.542722,-0.979028,0.00346971,-0.200142,0.037882
-1.10473,1.13948,-0.550321,-0.979048,0.00374264,-0.199938,0.0384071
-1.10836,1.14022,-0.556263,-0.979043,0.00386274,-0.199872,0.0388828
-1.11233,1.14081,-0.561772,-0.979006,0.00403166,-0.199972,0.0392697
-1.11542,1.14068,-0.567902,-0.979013,0.00445172,-0.199833,0.0397639
-1.11817,1.14028,-0.574366,-0.979025,0.00501558,-0.199647,0.0403227
-1.1216,1.13985,-0.579725,-0.979018,0.00545159,-0.199567,0.0408264
-1.12542,1.13937,-0.58454,-0.979002,0.00582531,-0.199538,0.0413048
-1.12945,1.13885,-0.589101,-0.978985,0.00613791,-0.199527,0.0417007
-1.13297,1.13913,-0.594949,-0.978991,0.00653237,-0.199416,0.0420304
-1.13634,1.13968,-0.601177,-0.979011,0.00686204,-0.199289,0.0421171
-1.13999,1.13976,-0.606573,-0.979043,0.00691971,-0.199199,0.0417854
-1.14364,1.13986,-0.611661,-0.979092,0.00679716,-0.199229,0.0405102
-1.14742,1.13949,-0.616163,-0.979126,0.0066219,-0.199247,0.0396109
-1.20782,1.14999,-0.718432,-0.980485,-0.00866809,-0.19524,0.0213404
-1.2109,1.15034,-0.723223,-0.98053,-0.00976795,-0.195038,0.0206524
-1.21357,1.15094,-0.727588,-0.980597,-0.0111715,-0.194746,0.0194696
-1.21586,1.1513,-0.731337,-0.980645,-0.0120451,-0.194512,0.0188677
-1.21848,1.15151,-0.735391,-0.980684,-0.0130474,-0.194307,0.018287
-1.22128,1.15161,-0.739589,-0.980721,-0.0140452,-0.1941,0.0177485
-1.22405,1.15162,-0.743657,-0.980749,-0.0149427,-0.193933,0.0172799
-1.22685,1.15157,-0.747692,-0.980773,-0.0157157,-0.193784,0.0168891
-1.2295,1.1526,-0.752018,-0.980812,-0.0164173,-0.193545,0.0166735
-1.2322,1.15312,-0.75612,-0.980848,-0.0170083,-0.193332,0.0164598
-1.23495,1.15336,-0.760135,-0.980874,-0.0175244,-0.193174,0.0161967
-1.23777,1.15342,-0.764139,-0.980904,-0.0179766,-0.193011,0.0158191
-1.2404,1.15341,-0.767839,-0.980942,-0.0183809,-0.192823,0.0153102
-1.24324,1.15373,-0.769797,-0.980964,-0.0187942,-0.192706,0.0148835
-1.24607,1.15385,-0.772525,-0.980972,-0.0192935,-0.192644,0.0144735
-1.24884,1.15384,-0.775665,-0.980985,-0.0198431,-0.192556,0.0140568
-1.25154,1.15374,-0.778953,-0.981008,-0.0203532,-0.192423,0.0135206
-1.25448,1.15504,-0.780894,-0.981021,-0.0208627,-0.192368,0.0125099
-1.25729,1.15564,-0.783547,-0.981037,-0.0211175,-0.192289,0.012076
-1.26006,1.15592,-0.786578,-0.981061,-0.021409,-0.192162,0.0116447
-1.26279,1.15605,-0.789767,-0.981076,-0.0217891,-0.19207,0.011149
-1.26539,1.15518,-0.790212,-0.98107,-0.0221396,-0.192089,0.0106612
-1.26798,1.1546,-0.791808,-0.981076,-0.0224469,-0.192039,0.0103096
-1.27059,1.15417,-0.794078,-0.981093,-0.0227108,-0.191934,0.0100954
-1.27324,1.15382,-0.796721,-0.981103,-0.0229121,-0.191865,0.00997513
-1.27591,1.15352,-0.799564,-0.981109,-0.0230963,-0.191817,0.0099505
-1.27853,1.15326,-0.802438,-0.981118,-0.023298,-0.191742,0.00998327
-1.28127,1.1527,-0.805062,-0.981127,-0.0234732,-0.191672,0.0100387
-1.28408,1.15208,-0.807405,-0.981112,-0.0236218,-0.191737,0.00987315
-1.28681,1.15163,-0.81015,-0.981103,-0.0237378,-0.191767,0.00990916
-1.28956,1.15123,-0.81295,-0.981078,-0.0238377,-0.191881,0.00998688
-1.29228,1.15087,-0.815701,-0.981031,-0.0239545,-0.192102,0.0101054
-1.29482,1.14991,-0.817672,-0.980965,-0.0240312,-0.19242,0.0102426
-1.29744,1.14869,-0.819488,-0.980891,-0.0241288,-0.192776,0.0104257
-1.3,1.14786,-0.821462,-0.980799,-0.0242583,-0.193214,0.0106222
-1.30252,1.14711,-0.823036,-0.980631,-0.0243048,-0.194047,0.0108914
-1.30505,1.14642,-0.824673,-0.980538,-0.024226,-0.194499,0.0113431
-1.30765,1.14585,-0.826578,-0.980455,-0.0240573,-0.194907,0.0118238
-1.31028,1.14535,-0.828592,-0.980368,-0.0238097,-0.195347,0.0123199
-1.31296,1.14485,-0.830684,-0.980275,-0.0234775,-0.195814,0.0128896
-1.31449,1.14378,-0.832194,-0.980144,-0.0230289,-0.196475,0.0136115
-1.31649,1.14291,-0.833925,-0.980034,-0.0223985,-0.197039,0.0143851
-1.31873,1.14215,-0.835747,-0.979934,-0.0217265,-0.197553,0.0151884
-1.32111,1.14147,-0.837583,-0.979839,-0.0211025,-0.198029,0.0159575
-1.32356,1.14095,-0.839418,-0.979705,-0.0200956,-0.198723,0.0168648
-1.32589,1.14011,-0.840164,-0.979608,-0.0194514,-0.19918,0.0177908
-1.32832,1.1394,-0.841351,-0.979507,-0.0188788,-0.19963,0.0189092
-1.33077,1.13877,-0.842779,-0.979418,-0.0184243,-0.199997,0.0200791
-1.33328,1.13815,-0.844351,-0.979335,-0.0180639,-0.200317,0.021203
-1.33572,1.13754,-0.845913,-0.979245,-0.0176895,-0.200672,0.0222943
-1.33751,1.1367,-0.846034,-0.979131,-0.0171875,-0.201153,0.0233311
-1.33909,1.13576,-0.845677,-0.979016,-0.0166028,-0.201653,0.0242341
-1.34096,1.13496,-0.846062,-0.978911,-0.0160622,-0.202121,0.024964
-1.3429,1.13438,-0.846672,-0.978752,-0.0154558,-0.202836,0.025754
-1.34503,1.13377,-0.847842,-0.978669,-0.0151319,-0.203172,0.0264371
-1.34721,1.13315,-0.849116,-0.978585,-0.0147436,-0.203504,0.0271867
-1.34817,1.13348,-0.849597,-0.978456,-0.0144286,-0.204014,0.028183
-1.34963,1.13339,-0.850447,-0.978346,-0.0140389,-0.204417,0.0292637
-1.3513,1.13307,-0.851459,-0.978245,-0.0136255,-0.204749,0.0304797
-1.35314,1.13257,-0.852592,-0.978147,-0.0132501,-0.205043,0.0317733
-1.35488,1.13206,-0.85367,-0.978045,-0.0129213,-0.205349,0.0330555
-1.35613,1.13142,-0.853444,-0.977925,-0.0127282,-0.205712,0.0343885
-1.35749,1.13084,-0.853716,-0.977816,-0.0125419,-0.206008,0.035771
-1.35904,1.13022,-0.854357,-0.977711,-0.0123663,-0.206262,0.0372149
-1.36055,1.12964,-0.855116,-0.977596,-0.0122661,-0.206544,0.0386717
-1.36213,1.12904,-0.856027,-0.977484,-0.0122593,-0.206781,0.0401962
-1.36222,1.12771,-0.855059,-0.977322,-0.0125746,-0.207189,0.0419103
-1.36295,1.12661,-0.854974,-0.977173,-0.0127775,-0.207517,0.0436707
-1.36405,1.12559,-0.855402,-0.977025,-0.0129007,-0.20781,0.045498
-1.36466,1.12453,-0.855328,-0.976797,-0.0131798,-0.208272,0.0481364
-1.36559,1.12358,-0.855827,-0.976649,-0.0134639,-0.208504,0.0500141
-1.36657,1.12273,-0.856506,-0.976508,-0.0137957,-0.208713,0.0517761
-1.36754,1.12195,-0.857294,-0.976374,-0.014172,-0.208902,0.0534136
-1.36846,1.12117,-0.858134,-0.976241,-0.0145623,-0.209086,0.0549964
-1.36929,1.12042,-0.858975,-0.976103,-0.0149685,-0.209279,0.0565747
-1.36935,1.11946,-0.858963,-0.975952,-0.0154183,-0.20952,0.0581549
-1.36906,1.11842,-0.858621,-0.975795,-0.0158816,-0.209765,0.0597497
-1.36903,1.11749,-0.85872,-0.975644,-0.016328,-0.209968,0.0613681
-1.3691,1.11664,-0.859055,-0.975493,-0.0167713,-0.210169,0.062936
-1.36898,1.11583,-0.859194,-0.975365,-0.017251,-0.210302,0.0643385
-1.36876,1.11493,-0.859324,-0.975254,-0.0177084,-0.210387,0.0656021
-1.36847,1.11418,-0.859535,-0.975084,-0.0182058,-0.210653,0.0671164
-1.36821,1.1133,-0.86,-0.974979,-0.0185517,-0.210779,0.0681523
-1.36787,1.11247,-0.860466,-0.974887,-0.0188891,-0.21087,0.0690876
-1.36687,1.11161,-0.861162,-0.974806,-0.019339,-0.210861,0.0701194
-1.36597,1.1107,-0.861769,-0.974729,-0.019674,-0.21086,0.0710998
-1.36504,1.10975,-0.862324,-0.974664,-0.0199654,-0.210836,0.0719659
-1.36404,1.1088,-0.862833,-0.974628,-0.0202648,-0.210752,0.0726143
-1.36245,1.10726,-0.86279,-0.974592,-0.0207153,-0.210731,0.0730334
-1.36096,1.10591,-0.862931,-0.974577,-0.0210622,-0.210618,0.0734624
-1.35944,1.10463,-0.863179,-0.974583,-0.0212829,-0.210381,0.0739949
-1.35794,1.10349,-0.863461,-0.974606,-0.0214415,-0.210042,0.0746022
-1.35629,1.10227,-0.863793,-0.97464,-0.0215679,-0.209641,0.0752473
-1.35461,1.1011,-0.864113,-0.974691,-0.0216503,-0.209188,0.0758199
-1.3519,1.10028,-0.864569,-0.974782,-0.0217973,-0.208562,0.0763319
-1.34949,1.0993,-0.864937,-0.974908,-0.0218109,-0.207832,0.0767164
-1.34703,1.09806,-0.865277,-0.975041,-0.0217603,-0.207079,0.0770643
-1.34443,1.09661,-0.865594,-0.975188,-0.0217285,-0.206251,0.0774351
-1.34028,1.09556,-0.865089,-0.975337,-0.0218821,-0.205352,0.0779111
-1.33497,1.09496,-0.863954,-0.975581,-0.0220184,-0.203936,0.0785342
-1.33128,1.09349,-0.86374,-0.975769,-0.0218777,-0.202826,0.0791003
-1.32734,1.09144,-0.863745,-0.975989,-0.0216771,-0.201551,0.0797092
-1.32383,1.08946,-0.863822,-0.976233,-0.0214952,-0.200169,0.0802507
-1.32018,1.08781,-0.864435,-0.976487,-0.021447,-0.198675,0.0808842
-1.31638,1.08612,-0.865234,-0.976761,-0.0214121,-0.197074,0.0814977
-1.3126,1.08407,-0.865756,-0.977063,-0.02125,-0.195392,0.081962
-1.30868,1.08189,-0.866187,-0.977549,-0.020894,-0.192808,0.0823786
-1.30328,1.08102,-0.866147,-0.977862,-0.0207823,-0.190911,0.0831109
-1.29838,1.07926,-0.866202,-0.978199,-0.0205777,-0.188965,0.0836457
-1.29363,1.0769,-0.866306,-0.978565,-0.02027,-0.186931,0.0840093
-1.28898,1.0742,-0.866429,-0.978945,-0.0199404,-0.184847,0.0842627
-1.28437,1.07132,-0.866536,-0.979329,-0.0196544,-0.182734,0.0844758
-1.27989,1.0684,-0.866621,-0.979732,-0.0194252,-0.180528,0.0845983
-1.27607,1.06662,-0.868463,-0.980178,-0.0192485,-0.177969,0.0848957
-1.27195,1.06426,-0.869527,-0.980609,-0.0191136,-0.175506,0.0850819
-1.26719,1.06124,-0.870148,-0.981031,-0.0190078,-0.173063,0.0852403
-1.26179,1.0577,-0.87053,-0.981474,-0.0189594,-0.170515,0.0852877
-1.25627,1.0541,-0.870776,-0.981925,-0.0191014,-0.16791,0.0852306
-1.2506,1.05043,-0.870931,-0.982363,-0.0193842,-0.165373,0.0850854
-1.24458,1.04922,-0.870914,-0.983045,-0.0202704,-0.161335,0.0847487
-1.23856,1.0464,-0.870922,-0.98353,-0.0210653,-0.158515,0.0842472
-1.23258,1.04347,-0.870918,-0.984006,-0.0220766,-0.155776,0.0835342
-1.22679,1.04037,-0.87226,-0.984509,-0.023249,-0.152895,0.0826099
-1.22062,1.03732,-0.873021,-0.98501,-0.0246086,-0.14998,0.0815881
-1.2142,1.03439,-0.873424,-0.9855,-0.0261803,-0.147052,0.0805031
-1.20762,1.03159,-0.873599,-0.985952,-0.0278997,-0.144276,0.0794089
-1.20095,1.02894,-0.873625,-0.986391,-0.0295263,-0.141537,0.0782814
-1.19403,1.02641,-0.873576,-0.986837,-0.0310754,-0.138681,0.077171
-1.1863,1.02478,-0.872371,-0.987251,-0.0327797,-0.135812,0.0762594
-1.17849,1.02362,-0.870724,-0.987617,-0.0344478,-0.133085,0.0755881
-1.17066,1.02206,-0.869576,-0.987976,-0.0358699,-0.130347,0.0750079
-1.16287,1.02038,-0.868678,-0.988351,-0.0370651,-0.127511,0.0743573
-1.15437,1.01897,-0.869125,-0.988708,-0.0382926,-0.124771,0.0736362
-1.14595,1.01775,-0.869263,-0.989237,-0.0400153,-0.120987,0.0719126
-1.13789,1.01632,-0.868848,-0.989594,-0.0409506,-0.118407,0.0707612
-1.12981,1.01498,-0.868262,-0.989938,-0.0415806,-0.115958,0.0696301
-1.12162,1.01375,-0.867553,-0.990265,-0.0419725,-0.113652,0.0685302
-1.1135,1.01259,-0.867112,-0.990608,-0.0421449,-0.111176,0.067517
-1.10538,1.0116,-0.866709,-0.990941,-0.0422629,-0.108693,0.0666023
-1.09698,1.01087,-0.866022,-0.991242,-0.0423764,-0.106428,0.0656944
-1.08842,1.01035,-0.865164,-0.991528,-0.0424342,-0.104294,0.0647655
-1.07977,1.01002,-0.864228,-0.991802,-0.0424599,-0.102217,0.0638566
-1.07202,1.00854,-0.864164,-0.992063,-0.042475,-0.10041,0.06264
-1.06364,1.00781,-0.863648,-0.992312,-0.0423642,-0.0986236,0.0616025
-1.0551,1.00757,-0.862845,-0.992561,-0.0419961,-0.0968286,0.0606858
-1.04621,1.00762,-0.861797,-0.992808,-0.0413306,-0.0950513,0.0599031
-1.0372,1.00726,-0.860762,-0.99316,-0.0401557,-0.0927051,0.0585343
-1.028,1.00737,-0.859472,-0.993376,-0.0394173,-0.0911052,0.0578761
-1.01867,1.00784,-0.858049,-0.993577,-0.0386937,-0.0895081,0.0574027
-1.00897,1.00863,-0.856507,-0.993761,-0.0379558,-0.0879526,0.0571264
-0.999896,1.00851,-0.855593,-0.993935,-0.0371752,-0.0865381,0.0567656
-0.991087,1.00821,-0.854853,-0.994099,-0.036312,-0.0851711,0.0565209
-0.981739,1.00876,-0.853622,-0.994247,-0.0353761,-0.0837709,0.0566068
-0.972178,1.00983,-0.852173,-0.994433,-0.0338696,-0.0818411,0.0570719
-0.962556,1.01134,-0.850444,-0.994527,-0.032882,-0.0805398,0.0578559
-0.953894,1.01183,-0.848952,-0.994614,-0.0321317,-0.0792539,0.0585625
-0.944467,1.01311,-0.847212,-0.99468,-0.0312775,-0.0780095,0.0595693
-0.934704,1.01489,-0.845299,-0.994726,-0.0304015,-0.0768323,0.0607678
-0.924708,1.01702,-0.843244,-0.994765,-0.0295389,-0.0756343,0.0620439
-0.914448,1.01947,-0.841075,-0.994794,-0.0287234,-0.0744626,0.0633722
-0.905151,1.01911,-0.839719,-0.99481,-0.0283108,-0.0737443,0.0641368
-0.8955,1.02011,-0.837943,-0.994821,-0.0277093,-0.0729363,0.0651485
-0.885178,1.02187,-0.835876,-0.994856,-0.0264506,-0.0715963,0.0666043
-0.874346,1.0246,-0.833441,-0.994862,-0.0254822,-0.0707027,0.0678388
-0.86337,1.02767,-0.83089,-0.994851,-0.0244948,-0.0698496,0.0692241
-0.85296,1.02948,-0.828458,-0.994841,-0.0237635,-0.0691257,0.0703459
-0.842653,1.03097,-0.826014,-0.994826,-0.0231015,-0.0684627,0.0714162
-0.831706,1.03355,-0.823379,-0.994796,-0.0222066,-0.0677843,0.0727515
-0.820326,1.03684,-0.820612,-0.994759,-0.0212022,-0.0670773,0.0741986
-0.808617,1.04065,-0.817763,-0.994723,-0.0201994,-0.0663217,0.0756314
-0.796816,1.04281,-0.81545,-0.994695,-0.0191491,-0.0656358,0.0768539
-0.78437,1.04619,-0.81271,-0.994673,-0.0185117,-0.0651267,0.0777283
-0.771894,1.05022,-0.809831,-0.994643,-0.0178317,-0.0645094,0.0787776
-0.75952,1.05464,-0.806909,-0.994601,-0.0171978,-0.0638696,0.0799662
-0.746948,1.05859,-0.803716,-0.994552,-0.0168155,-0.0634021,0.0810222
-0.734056,1.06257,-0.800372,-0.994504,-0.0165129,-0.0630056,0.0819756
-0.720923,1.06723,-0.7971,-0.994467,-0.0160988,-0.062507,0.0828849
-0.707253,1.07251,-0.793786,-0.994446,-0.015337,-0.0617599,0.0838359
-0.694054,1.07784,-0.790692,-0.994441,-0.0148607,-0.0612358,0.0843578
-0.679625,1.08166,-0.787966,-0.994456,-0.014663,-0.0610507,0.084352
-0.665397,1.08636,-0.785064,-0.994494,-0.0142562,-0.0607574,0.0841886
-0.651582,1.09142,-0.782144,-0.994549,-0.0137532,-0.0604305,0.0838562
-0.637534,1.09686,-0.779143,-0.994618,-0.0132899,-0.0600705,0.0833687
-0.623635,1.10237,-0.776181,-0.994697,-0.012921,-0.0596718,0.0827636
-0.609333,1.10767,-0.773079,-0.994786,-0.0126365,-0.059334,0.0819847
-0.594899,1.11288,-0.769942,-0.994874,-0.0123805,-0.0590611,0.0811397
-0.579925,1.11847,-0.766724,-0.995027,-0.0118451,-0.0586464,0.0796312
-0.565499,1.12393,-0.763697,-0.99514,-0.0114952,-0.0583363,0.0784946
-0.550862,1.1294,-0.760673,-0.99527,-0.0111309,-0.058063,0.0770885
-0.535765,1.13434,-0.757961,-0.995417,-0.0107963,-0.0578367,0.0753876
-0.520089,1.13916,-0.755288,-0.995563,-0.010452,-0.0576478,0.0736378
-0.504714,1.14409,-0.752512,-0.995697,-0.0100839,-0.0574592,0.0719978
-0.489446,1.14905,-0.749686,-0.995827,-0.00979722,-0.0572218,0.0704215
-0.474078,1.15402,-0.746815,-0.99595,-0.00963584,-0.0569845,0.0688763
-0.458635,1.15878,-0.744365,-0.996067,-0.00950083,-0.0567777,0.0673509
-0.443211,1.16355,-0.741821,-0.996238,-0.00930041,-0.0565902,0.0649621
-0.427595,1.16819,-0.739015,-0.996339,-0.00915501,-0.0564302,0.0635667
-0.411866,1.17269,-0.736143,-0.996434,-0.00899962,-0.0563157,0.0621867
-0.396228,1.17698,-0.733266,-0.99653,-0.00882933,-0.0562078,0.060756
-0.379458,1.18096,-0.730763,-0.996618,-0.00880313,-0.0561857,0.0593157
-0.19279,1.2156,-0.703016,-0.997488,-0.00903386,-0.0567508,0.0414195
-0.175968,1.21784,-0.700346,-0.997551,-0.00908396,-0.0568604,0.0397066
-0.15883,1.21973,-0.697368,-0.997607,-0.00921366,-0.0569871,0.03804
-0.141716,1.22155,-0.694413,-0.997665,-0.00926721,-0.0570603,0.0363845
-0.123316,1.22336,-0.691254,-0.997714,-0.00925303,-0.057192,0.0347741
-0.106178,1.22505,-0.688317,-0.997786,-0.0091649,-0.0574887,0.0321654
-0.0885758,1.22646,-0.685814,-0.997832,-0.00918987,-0.0576164,0.0304641
-0.0711064,1.22769,-0.683482,-0.997872,-0.00918651,-0.0578305,0.0286809
-0.0549647,1.22873,-0.681093,-0.997908,-0.00911263,-0.0580847,0.0268864
-0.0381684,1.22971,-0.678447,-0.997944,-0.00897208,-0.0582465,0.0252001
-0.0212867,1.23057,-0.675704,-0.997977,-0.00885957,-0.0583442,0.0236382
-0.00408586,1.23132,-0.672812,-0.998003,-0.00882924,-0.0584693,0.0221965
0.0120747,1.23194,-0.670043,-0.998024,-0.00880277,-0.0586386,0.0207705
0.0288801,1.23244,-0.66719,-0.998047,-0.0087001,-0.0587595,0.019324
0.0462444,1.23282,-0.664264,-0.99807,-0.00854725,-0.05886,0.0178391
0.0634912,1.2332,-0.661385,-0.998094,-0.00823927,-0.0591768,0.0154478
0.0805394,1.23333,-0.658579,-0.998105,-0.00810087,-0.0593427,0.0140904
0.097517,1.23351,-0.656768,-0.998116,-0.00795776,-0.0594239,0.0130324
0.114496,1.23362,-0.655291,-0.998122,-0.00785491,-0.0595013,0.0123004
0.131724,1.23346,-0.653239,-0.998119,-0.00779453,-0.0596491,0.0117858
0.148666,1.2331,-0.650928,-0.998117,-0.00773233,-0.0597826,0.0113123
0.165022,1.23279,-0.64877,-0.998117,-0.00768438,-0.0599118,0.0107084
0.182378,1.23234,-0.646427,-0.998116,-0.0076592,-0.0600499,0.00998243
0.198362,1.23173,-0.644111,-0.998117,-0.00759941,-0.0601728,0.0091638
0.215378,1.23082,-0.641514,-0.998125,-0.00756475,-0.0601558,0.00838711
0.232233,1.22971,-0.638882,-0.99814,-0.00751272,-0.0600121,0.00771599
0.249517,1.22883,-0.636874,-0.998159,-0.0073019,-0.0598146,0.00696971
0.26748,1.22767,-0.634998,-0.998177,-0.00715113,-0.0595502,0.00674938
0.284565,1.22629,-0.6329,-0.998199,-0.00703582,-0.0592294,0.00638627
0.301343,1.22471,-0.630641,-0.998222,-0.00697759,-0.0588942,0.00602806
0.318149,1.22291,-0.628249,-0.998249,-0.0069117,-0.0584749,0.00573314
0.335369,1.22148,-0.626179,-0.998282,-0.00678945,-0.0579262,0.00553496
0.352619,1.22009,-0.62421,-0.998319,-0.00664932,-0.0573229,0.00535196
0.368701,1.21841,-0.622135,-0.998354,-0.00655678,-0.0567405,0.0051123
0.385899,1.21646,-0.619796,-0.998413,-0.00654456,-0.0557646,0.0044415
0.403467,1.21399,-0.617225,-0.998459,-0.00659388,-0.0549489,0.00407
0.420955,1.21132,-0.614642,0.998507,0.00660613,0.0540994,-0.00374414
0.43852,1.21021,-0.613338,0.998564,0.00651842,0.0530389,-0.00371283
0.455855,1.20834,-0.611557,0.998622,0.00644585,0.0519627,-0.0036717
0.473155,1.20634,-0.609619,0.998705,0.00636235,0.050361,-0.00343521
0.490138,1.20377,-0.607369,0.998822,0.00648552,0.0479804,-0.00320451
0.507737,1.20174,-0.60601,0.998857,0.00646502,0.0472532,-0.00328676
0.524803,1.19938,-0.60428,0.998905,0.0064525,0.0462121,-0.00327933
0.541881,1.19677,-0.602312,0.99896,0.00644791,0.0450094,-0.00329116
0.558709,1.19405,-0.600261,0.999017,0.00642988,0.0437218,-0.00338341
0.575983,1.19203,-0.599374,0.99908,0.00634053,0.0422473,-0.00368704
0.593085,1.18994,-0.59818,0.999175,0.00616926,0.0399361,-0.00396093
0.6098,1.18732,-0.596335,0.999239,0.00608009,0.0383001,-0.00424466
0.626197,1.18462,-0.594387,0.999301,0.00589931,0.0366433,-0.00448621
0.642868,1.18228,-0.592713,0.999364,0.00565153,0.0348914,-0.00465497
0.659843,1.17998,-0.591062,0.999428,0.00539437,0.0330629,-0.00472775
0.67647,1.17745,-0.589186,0.999489,0.00519615,0.0311922,-0.00470504
0.693349,1.17468,-0.587134,0.999547,0.00508782,0.029276,-0.00469947
0.709212,1.17196,-0.58581,0.999605,0.00486934,0.0272607,-0.00482461
0.724853,1.16934,-0.585036,0.999687,0.00421557,0.0241669,-0.00481521
0.741233,1.16642,-0.583306,0.999738,0.00389057,0.0220067,-0.00486122
0.757309,1.16353,-0.581447,0.999784,0.00367105,0.0198326,-0.00494801
0.773223,1.16064,-0.579512,0.999826,0.00346208,0.0176001,-0.00508027
0.789117,1.1577,-0.577529,0.999865,0.00311559,0.0152986,-0.00516003
0.805219,1.1551,-0.575893,0.9999,0.00240007,0.0128728,-0.00526734
0.821275,1.15227,-0.574067,0.999931,0.0015364,0.0104023,-0.00533271
0.837226,1.14934,-0.572143,0.999954,0.000646919,0.0078658,-0.00544457
0.852962,1.14635,-0.570172,0.99997,-0.000263631,0.00531441,-0.00558704
0.867463,1.14311,-0.569338,0.999982,-0.00199175,0.00129903,-0.00545553
0.882789,1.13979,-0.567939,0.99998,-0.00316012,-0.00153665,-0.00535608
0.898045,1.13662,-0.566295,0.999968,-0.00421941,-0.00436427,-0.00521154
0.9138,1.13343,-0.564454,0.999948,-0.00510985,-0.00720376,-0.00508682
0.929482,1.13029,-0.562563,0.999919,-0.00588539,-0.0101163,-0.00502068
0.944985,1.12728,-0.561234,0.999878,-0.00682253,-0.0131369,-0.00506401
0.960183,1.12434,-0.560143,0.999825,-0.0080072,-0.0161526,-0.00507459
0.975659,1.12124,-0.558705,0.999762,-0.00923857,-0.0191459,-0.00496299
0.991215,1.11805,-0.55709,0.999688,-0.0104027,-0.0221649,-0.00484694
1.00694,1.11493,-0.555409,0.999559,-0.012097,-0.0267083,-0.00469943
1.02203,1.11146,-0.554689,0.999453,-0.0133106,-0.0298812,-0.00483326
1.03713,1.10811,-0.553592,0.999339,-0.0144894,-0.032985,-0.00482976
1.05252,1.10481,-0.552277,0.999217,-0.0155011,-0.0360946,-0.00467417
1.06776,1.1016,-0.5509,0.999088,-0.0163404,-0.0392018,-0.0044582
1.08314,1.09837,-0.549479,0.99895,-0.0171205,-0.0422791,-0.00423064
1.09776,1.09539,-0.549202,0.998797,-0.0180966,-0.045395,-0.00408142
1.11285,1.09245,-0.548685,0.998553,-0.0195371,-0.0499584,-0.00368126
1.12869,1.08921,-0.547592,0.998381,-0.0202707,-0.053018,-0.00358361
1.14383,1.08611,-0.546504,0.998206,-0.0208741,-0.0560118,-0.0034923
1.15861,1.08254,-0.5465,0.998018,-0.0215786,-0.0590062,-0.00352272
1.17246,1.07939,-0.546176,0.997829,-0.0222188,-0.0618985,-0.00345054
1.18723,1.07618,-0.545597,0.997638,-0.0227734,-0.0647183,-0.00330265
1.20186,1.07307,-0.544956,0.997445,-0.0232797,-0.0674691,-0.00301667
1.21669,1.06995,-0.544293,0.99725,-0.0237552,-0.0701437,-0.00268051
1.23215,1.06628,-0.544984,0.996964,-0.0246724,-0.0738145,-0.00247146
1.24711,1.06289,-0.54479,0.996762,-0.0252892,-0.0762923,-0.0025511
1.26205,1.05956,-0.544449,0.996552,-0.0259793,-0.0787541,-0.00268985
1.27659,1.05637,-0.544082,0.996338,-0.0267321,-0.0811633,-0.00277245
1.29124,1.05313,-0.544711,0.996126,-0.0275706,-0.0834569,-0.00283365
1.30616,1.04981,-0.545725,0.99591,-0.0284347,-0.0857117,-0.00284806
1.32055,1.0466,-0.546269,0.995688,-0.0293533,-0.0879537,-0.00289159
1.33498,1.04334,-0.546571,0.995459,-0.030388,-0.0901599,-0.00311508
1.34896,1.04019,-0.54677,0.995224,-0.0315369,-0.0923266,-0.00332338
1.36506,1.03668,-0.548177,0.994901,-0.0333828,-0.0951073,-0.00344454
1.38026,1.03326,-0.549097,0.994691,-0.0344068,-0.0969097,-0.00369909
1.39472,1.02999,-0.549815,0.994478,-0.0353387,-0.0987308,-0.00417112
1.40902,1.02674,-0.550465,0.994262,-0.0362362,-0.100536,-0.00479884
1.42291,1.02359,-0.551122,0.994046,-0.0372115,-0.102268,-0.00546997
1.43688,1.02038,-0.551844,0.993829,-0.038239,-0.103943,-0.00607183
1.4509,1.01743,-0.553178,0.993613,-0.0393825,-0.10554,-0.00662783
1.46597,1.01428,-0.55483,0.993396,-0.0406009,-0.107076,-0.00712779
1.48035,1.01117,-0.556253,0.993184,-0.0418388,-0.108526,-0.0075282
1.49451,1.00806,-0.55762,0.992974,-0.0430454,-0.109947,-0.00785913
1.50875,1.00495,-0.560616,0.992779,-0.044187,-0.111212,-0.00835428
1.5228,1.00191,-0.563042,0.992585,-0.0451825,-0.112494,-0.00884397
1.53744,0.998942,-0.565477,0.992311,-0.0465908,-0.114268,-0.00951597
1.5513,0.996042,-0.567443,0.992128,-0.047365,-0.115495,-0.0100067
1.56523,0.992808,-0.571424,0.991952,-0.0483259,-0.116554,-0.0105201
1.57914,0.989745,-0.574659,0.991784,-0.0492011,-0.117573,-0.010988
1.59281,0.986845,-0.577516,0.991619,-0.0499694,-0.118591,-0.0114271
1.60633,0.984053,-0.580229,0.991452,-0.0506558,-0.119647,-0.0119013
1.62009,0.981279,-0.583012,0.99129,-0.0512514,-0.120675,-0.0124669
1.63359,0.978644,-0.588011,0.991138,-0.0518036,-0.121605,-0.0131648
1.64698,0.976088,-0.593757,0.990989,-0.0523638,-0.12251,-0.0137876
1.66055,0.973641,-0.598949,0.990777,-0.053169,-0.12379,-0.0144706
1.67426,0.971013,-0.602886,0.990644,-0.0534302,-0.124633,-0.0153658
1.68781,0.968404,-0.606613,0.990511,-0.0535584,-0.125475,-0.0165894
1.70135,0.965794,-0.610302,0.990381,-0.053583,-0.126295,-0.018014
1.71415,0.962818,-0.616346,0.990261,-0.0535583,-0.126982,-0.0197504
1.72693,0.959718,-0.623238,0.990145,-0.0533716,-0.127633,-0.0217917
1.7393,0.957059,-0.628689,0.990034,-0.0528557,-0.128336,-0.0238488
1.75265,0.954415,-0.633774,0.989936,-0.0520956,-0.129018,-0.0258224
1.76602,0.951489,-0.640263,0.989854,-0.0512722,-0.129559,-0.0278255
1.77961,0.948457,-0.647183,0.989773,-0.0503454,-0.130097,-0.0298169
1.79327,0.94569,-0.653106,0.989692,-0.0492151,-0.130716,-0.0316399
1.8068,0.943164,-0.658528,0.989626,-0.0478389,-0.131299,-0.0333531
1.81996,0.940564,-0.665717,0.98957,-0.0455607,-0.13188,-0.0358089
1.83288,0.937928,-0.673123,0.989527,-0.0439274,-0.13229,-0.0375066
1.84557,0.935604,-0.679337,0.989487,-0.042265,-0.132711,-0.0389548
1.85929,0.933287,-0.685397,0.989466,-0.0404922,-0.133051,-0.0401746
1.87301,0.931082,-0.691191,0.989466,-0.0386517,-0.133311,-0.0411288
1.88663,0.928959,-0.696802,0.989468,-0.0367935,-0.133597,-0.0418422
1.89968,0.926967,-0.702125,0.989478,-0.0349399,-0.133839,-0.0424132
1.91434,0.92422,-0.70955,0.989512,-0.0330269,-0.133885,-0.0430188
1.92873,0.921368,-0.717307,0.989561,-0.0310969,-0.133845,-0.0434543
1.94311,0.918842,-0.724257,0.989615,-0.0291414,-0.133814,-0.0436624
1.95685,0.915941,-0.731598,0.98968,-0.0271208,-0.133732,-0.0437467
1.97132,0.912818,-0.739364,0.989751,-0.0249215,-0.133632,-0.0437464
1.98581,0.910146,-0.746453,0.989825,-0.0226402,-0.133544,-0.0435799
2.00001,0.907757,-0.753061,0.9899,-0.0204501,-0.13343,-0.0433062
2.01429,0.905459,-0.759527,0.989976,-0.0184605,-0.133241,-0.0430515
2.02862,0.903186,-0.76592,0.990045,-0.0167155,-0.13303,-0.0428384
2.04374,0.900878,-0.772869,0.990119,-0.0150974,-0.132755,-0.0425642
2.05917,0.898556,-0.780077,0.990217,-0.0135438,-0.132341,-0.0421092
2.07427,0.896256,-0.787037,0.990321,-0.0120622,-0.13189,-0.0415121
2.08899,0.893963,-0.793793,0.990428,-0.0108075,-0.131407,-0.0408316
2.10331,0.891866,-0.800412,0.990627,-0.00941911,-0.130347,-0.039732
2.1165,0.888926,-0.808399,0.990753,-0.00859022,-0.129631,-0.0391269
2.13041,0.886294,-0.815873,0.990891,-0.00768709,-0.128871,-0.0383215
2.14457,0.883841,-0.823018,0.991042,-0.00677019,-0.128012,-0.0374451
2.15891,0.881439,-0.829993,0.991204,-0.00595361,-0.127031,-0.0366305
2.17364,0.878992,-0.837008,0.991369,-0.00529462,-0.125965,-0.0359477
2.18943,0.875694,-0.845714,0.991549,-0.00487041,-0.12473,-0.0353408
2.20471,0.872781,-0.853647,0.991731,-0.00447443,-0.123474,-0.0346949
2.21975,0.870092,-0.86118,0.991922,-0.00404662,-0.12215,-0.0339602
2.23478,0.867521,-0.868552,0.992124,-0.00364435,-0.120777,-0.0330108
2.24953,0.865047,-0.875684,0.992336,-0.00325304,-0.119333,-0.031922
2.26386,0.862678,-0.882544,0.992553,-0.00285506,-0.117831,-0.0307541
2.27928,0.859898,-0.890451,0.992785,-0.00250766,-0.116184,-0.0295372
2.29407,0.857318,-0.897803,0.993025,-0.00220942,-0.114499,-0.0280565
2.30867,0.85499,-0.905285,0.993275,-0.00198987,-0.112718,-0.0263589
2.32345,0.852883,-0.913078,0.993664,-0.00194925,-0.10988,-0.0235326
2.338,0.850486,-0.920316,0.993905,-0.00204381,-0.108031,-0.021845
2.3525,0.84802,-0.927465,0.994146,-0.00231043,-0.106119,-0.0202012
2.36699,0.845512,-0.93458,0.994381,-0.00261572,-0.104186,-0.0185584
2.38134,0.843005,-0.941629,0.994608,-0.00297555,-0.102256,-0.017014
2.39564,0.840453,-0.948704,0.994834,-0.00347856,-0.100244,-0.0156168
2.40999,0.837999,-0.957142,0.995066,-0.0043233,-0.0980644,-0.0144352
2.42435,0.835474,-0.965016,0.995284,-0.00524697,-0.0959308,-0.0133598
2.43863,0.832946,-0.972579,0.995493,-0.00611418,-0.0938466,-0.0122197
2.45421,0.830131,-0.980691,0.995705,-0.00685775,-0.091664,-0.0110795
2.46908,0.827766,-0.989151,0.995922,-0.00770068,-0.0893347,-0.0099536
2.48342,0.82534,-0.997023,0.996122,-0.00857943,-0.0871146,-0.00884542
2.49704,0.822914,-1.00438,0.996311,-0.0096066,-0.0849092,-0.00791417
2.51103,0.820315,-1.01186,0.99649,-0.0107258,-0.0827001,-0.00736309
2.52492,0.817959,-1.01961,0.99665,-0.0119216,-0.0805958,-0.00708312
2.53859,0.815761,-1.02735,0.996796,-0.013095,-0.0786059,-0.00680319
2.5525,0.813384,-1.03505,0.996937,-0.0141634,-0.0766408,-0.00645409
2.56643,0.811113,-1.04275,0.997143,-0.0158866,-0.0736305,-0.00573724
2.58034,0.808652,-1.05035,0.997261,-0.0170735,-0.071769,-0.005328
2.59283,0.806511,-1.0581,0.997368,-0.0184141,-0.0699568,-0.00499442
2.6058,0.804296,-1.06579,0.997475,-0.0196838,-0.0680728,-0.00468543
2.61932,0.801981,-1.07363,0.997575,-0.0208963,-0.0662393,-0.00442198
2.63298,0.799645,-1.08152,0.997662,-0.0221666,-0.0645065,-0.00415249
2.64665,0.797307,-1.08946,0.997743,-0.0234615,-0.0627906,-0.00386243
2.65913,0.794989,-1.09737,0.997813,-0.0247704,-0.0611782,-0.00366206
2.67131,0.792677,-1.10536,0.997876,-0.0259842,-0.0596309,-0.00357123
2.68399,0.790415,-1.11337,0.997937,-0.0270714,-0.0581136,-0.00352898
2.69716,0.788131,-1.12158,0.997994,-0.0280444,-0.0566401,-0.00358888
2.71028,0.785915,-1.12976,0.998053,-0.0289668,-0.0551113,-0.0037555
2.72253,0.784371,-1.13804,0.998109,-0.0299287,-0.0535603,-0.00382494
2.73591,0.782437,-1.14681,0.998156,-0.0309812,-0.0520683,-0.00373648
2.74978,0.780334,-1.15584,0.998193,-0.0320829,-0.0506884,-0.00344696
2.76316,0.778337,-1.16462,0.998234,-0.0329894,-0.0493127,-0.00302429
2.77643,0.776405,-1.17343,0.998283,-0.0335663,-0.0479348,-0.00253882
2.78711,0.774955,-1.18176,0.998325,-0.034023,-0.0467439,-0.00191983
2.7986,0.773471,-1.1904,0.998371,-0.0353146,-0.0447995,-0.000757026
2.97523,0.752651,-1.32887,0.998581,-0.0438703,-0.027869,0.0115814
2.98738,0.751479,-1.33951,0.998607,-0.0436015,-0.0268212,0.0128127
2.99937,0.750374,-1.35014,0.998631,-0.0432601,-0.025763,0.0141774
3.00939,0.749708,-1.35952,0.99865,-0.0428662,-0.024792,0.0156697
3.01981,0.749117,-1.36949,0.998666,-0.0423952,-0.0239217,0.0172464
3.03078,0.748407,-1.37992,0.99868,-0.041849,-0.0230205,0.0188976
3.04213,0.747635,-1.39075,0.998693,-0.0412392,-0.0220986,0.0205838
3.05353,0.746862,-1.40174,0.998703,-0.0405802,-0.0211889,0.0222969
3.06498,0.746102,-1.41293,0.998708,-0.039864,-0.0203245,0.0240709
3.07651,0.745346,-1.42438,0.998708,-0.039139,-0.0194987,0.0258835
3.08633,0.744937,-1.43492,0.998704,-0.0383265,-0.0186801,0.0278035
3.09674,0.744602,-1.44614,0.99869,-0.0371293,-0.0174116,0.0306137
3.1078,0.744021,-1.45786,0.998682,-0.0362549,-0.0166671,0.032267
3.1185,0.74346,-1.46937,0.998672,-0.0353842,-0.0159546,0.033882
3.12712,0.743248,-1.47958,0.99865,-0.0346058,-0.0154573,0.0355291
3.13687,0.742883,-1.49085,0.998627,-0.0338528,-0.0149259,0.0370917
3.14745,0.742437,-1.50307,0.998603,-0.0330218,-0.0143805,0.0386708
3.15727,0.742069,-1.51455,0.998576,-0.0321043,-0.0138216,0.0403017
3.16738,0.741658,-1.52653,0.998553,-0.031112,-0.0132608,0.0418024
3.17449,0.741742,-1.53696,0.998515,-0.0295982,-0.0124608,0.0440044
3.18345,0.741469,-1.54857,0.998495,-0.028634,-0.0119833,0.045206
3.19268,0.741174,-1.56048,0.998478,-0.0276026,-0.0114886,0.0463542
3.20145,0.740906,-1.57189,0.998457,-0.0265332,-0.0110191,0.0475259
3.20925,0.740567,-1.58314,0.998432,-0.0255074,-0.0106745,0.04867
3.21615,0.740225,-1.59371,0.998409,-0.0245515,-0.0103429,0.0496962
3.22417,0.739887,-1.60546,0.998398,-0.0235288,-0.00996194,0.0504872
3.23252,0.739592,-1.61757,0.998394,-0.0224049,-0.00958864,0.0511387
3.24099,0.739348,-1.62995,0.998388,-0.0211584,-0.00924177,0.0518586
3.24747,0.739066,-1.64115,0.998373,-0.0198181,-0.00893479,0.0527217
3.25339,0.738761,-1.65227,0.998352,-0.0184497,-0.0086346,0.0536492
3.26032,0.7385,-1.6642,0.998331,-0.0171195,-0.00834453,0.0545231
3.26764,0.738369,-1.67675,0.9983,-0.0151534,-0.00783051,0.0557352
3.27532,0.738197,-1.68947,0.998293,-0.0136915,-0.00751493,0.0562867
3.28158,0.737793,-1.701,0.998288,-0.0121046,-0.00730019,0.0567496
3.28724,0.737331,-1.71214,0.998287,-0.0104139,-0.00715498,0.0571299
3.29351,0.737072,-1.72406,0.998287,-0.00859335,-0.00696791,0.057445
3.30005,0.736979,-1.73643,0.998287,-0.0066351,-0.00668395,0.0577422
3.30549,0.736638,-1.7477,0.99828,-0.00442296,-0.0063814,0.0581014
3.31069,0.736242,-1.75903,0.998273,-0.00198841,-0.0060911,0.0584036
3.31638,0.736073,-1.77112,0.998267,0.00053829,-0.00573126,0.0585568
3.32282,0.736128,-1.785,0.998253,0.0040932,-0.00497586,0.0587277
3.32881,0.736206,-1.79784,0.998242,0.00633872,-0.00450476,0.0587538
3.33194,0.736111,-1.80868,0.998223,0.00865987,-0.00409871,0.0588091
3.33606,0.736204,-1.82046,0.998191,0.0110311,-0.00354929,0.0589875
3.34066,0.736405,-1.8327,0.998144,0.0133956,-0.00295237,0.0593309
3.34534,0.736663,-1.8449,0.998087,0.0156659,-0.00234777,0.0597688
3.34986,0.737122,-1.85697,0.99798,0.0188344,-0.001249,0.0606551
3.35352,0.7371,-1.8685,0.997903,0.0210219,-0.000532538,0.0612096
3.35678,0.736957,-1.87983,0.997813,0.0231807,0.000127111,0.0619012
3.3604,0.737033,-1.89136,0.997709,0.02525,0.000756459,0.0627522
3.36429,0.737241,-1.90338,0.997597,0.0272177,0.00136132,0.0636982
3.36686,0.737462,-1.9146,0.997474,0.0291203,0.00190221,0.0647536
3.36898,0.737741,-1.92581,0.997343,0.0310291,0.00240165,0.0658686
3.37165,0.73813,-1.93726,0.997198,0.0330383,0.00292792,0.0670467
3.37447,0.738722,-1.94906,0.996947,0.0361228,0.00373834,0.0691285
3.37752,0.739253,-1.96067,0.99677,0.0381988,0.00421286,0.0705178
3.3788,0.739516,-1.97162,0.996576,0.0401459,0.00466647,0.0721332
3.38065,0.739898,-1.98267,0.996371,0.0419787,0.00503634,0.0738764
3.38278,0.740375,-1.99379,0.996154,0.043821,0.00533963,0.0756863
3.38504,0.740935,-2.00521,0.995928,0.0457442,0.00565494,0.0774733
3.38718,0.741537,-2.01639,0.995698,0.0477313,0.00598761,0.0791905
3.38917,0.74214,-2.02731,0.995467,0.0496724,0.00626353,0.0808573
3.3889,0.742135,-2.03633,0.995107,0.0523712,0.00663273,0.0835174
3.38984,0.742536,-2.04643,0.994877,0.0541597,0.00686573,0.0850861
3.39085,0.743103,-2.05673,0.994647,0.0560381,0.00705074,0.0865347
3.3908,0.743594,-2.06695,0.994408,0.0580832,0.00729033,0.0878937
3.39026,0.744117,-2.07707,0.994157,0.0603343,0.007585,0.0891797
3.39007,0.744828,-2.08724,0.9939,0.0627112,0.00779862,0.090383
3.38997,0.745658,-2.09738,0.993636,0.0651227,0.00794279,0.0915638
3.3898,0.746549,-2.10716,0.993365,0.0675102,0.00810999,0.0927495
3.38796,0.747679,-2.11609,0.993085,0.0699902,0.00832372,0.0938837
3.38628,0.749034,-2.12508,0.992621,0.0739263,0.00857225,0.0957372
3.3852,0.750265,-2.13417,0.992295,0.0767833,0.00873478,0.0968399
3.38404,0.751506,-2.14287,0.991963,0.0796889,0.0088983,0.0978739
3.38275,0.752765,-2.1513,0.99163,0.0826244,0.00902336,0.0987978
3.37835,0.753563,-2.15796,0.991281,0.0856966,0.00913764,0.0996773
3.37497,0.754636,-2.16535,0.990922,0.0887422,0.0092307,0.100563
3.37216,0.755779,-2.17249,0.990559,0.0917448,0.00932319,0.101439
3.36935,0.757101,-2.18018,0.990203,0.0947276,0.00940368,0.102156
3.36655,0.758467,-2.18757,0.989853,0.0976924,0.00946792,0.102747
3.36193,0.760724,-2.19469,0.989501,0.100682,0.00952899,0.103249
3.35784,0.762672,-2.20164,0.989157,0.103591,0.00959931,0.103664
3.35396,0.764455,-2.20832,0.988822,0.106415,0.00965054,0.103992
3.35004,0.766173,-2.21484,0.988495,0.109166,0.00965777,0.104243
3.34591,0.767889,-2.22129,0.988187,0.111792,0.00963682,0.104386
3.34016,0.769466,-2.22661,0.987889,0.11439,0.00964481,0.104393
3.3345,0.771286,-2.2319,0.987452,0.11822,0.00976956,0.104244
3.32928,0.773077,-2.23739,0.98721,0.120838,0.00980465,0.103533
3.32288,0.775087,-2.24142,0.987029,0.123334,0.00983862,0.102297
3.31587,0.777207,-2.24495,0.986922,0.125571,0.00992848,0.100594
3.3095,0.779138,-2.24874,0.986877,0.127502,0.010064,0.0985707
3.30323,0.781014,-2.25265,0.986886,0.129217,0.0101779,0.0962028
3.29694,0.78285,-2.25646,0.986949,0.13073,0.0102955,0.093468
3.29128,0.784363,-2.26087,0.987073,0.131883,0.0105343,0.0904533
3.28561,0.785812,-2.26532,0.987259,0.132689,0.0107413,0.0871665
3.27944,0.787386,-2.26899,0.987491,0.133231,0.0108436,0.0836301
3.27327,0.788958,-2.27195,0.987764,0.133475,0.0109213,0.0799237
3.26631,0.790693,-2.27471,0.988054,0.133437,0.0109373,0.0763233
3.2596,0.792354,-2.27696,0.988352,0.133124,0.0108747,0.0729347
3.2509,0.793509,-2.27839,0.988726,0.132376,0.0109194,0.0691301
3.24259,0.79483,-2.2798,0.989145,0.131201,0.0109158,0.0652691
3.23447,0.796207,-2.28108,0.989626,0.129504,0.0108145,0.0612623
3.2263,0.797608,-2.28217,0.990158,0.127325,0.0106546,0.0571145
3.21798,0.799209,-2.28303,0.990983,0.123516,0.0105064,0.0508567
3.20983,0.800737,-2.28363,0.991501,0.120987,0.0103267,0.0466978
3.20275,0.8021,-2.28522,0.992021,0.118194,0.0102173,0.0426612
3.19574,0.803466,-2.28696,0.992541,0.115114,0.010143,0.0388255
3.18817,0.804942,-2.28774,0.993046,0.111895,0.0100009,0.0352068
3.18012,0.806487,-2.2879,0.993546,0.108484,0.00979337,0.0316408
3.17044,0.807687,-2.28653,0.994068,0.104663,0.009623,0.027964
3.16172,0.808977,-2.28531,0.99457,0.10072,0.0093434,0.0244593
3.15265,0.810427,-2.284,0.995054,0.09668,0.00899512,0.0209478
3.14376,0.811914,-2.28262,0.995515,0.0925758,0.00868739,0.0174658
3.13494,0.813426,-2.2811,0.995951,0.088373,0.0083837,0.0142274
3.12658,0.814633,-2.2798,0.996368,0.084005,0.00808104,0.0113838
3.11773,0.816049,-2.2781,0.996746,0.0797668,0.00776322,0.00858025
3.10921,0.817509,-2.27626,0.997093,0.0756038,0.00747026,0.00581865
3.10012,0.819112,-2.27411,0.997411,0.0714833,0.00717537,0.00316092
3.09079,0.820186,-2.27244,0.997702,0.0674031,0.00688701,0.000551084
3.08137,0.82159,-2.27032,0.997958,0.0635056,0.00657192,-0.00209953
3.07257,0.823092,-2.26808,0.998183,0.0597443,0.0062711,-0.00469281
3.06321,0.824816,-2.26546,0.998381,0.056118,0.00594016,-0.00708688
3.05402,0.826609,-2.26272,0.998558,0.0526079,0.00556754,-0.00910973
3.04476,0.828496,-2.2598,0.998717,0.0491904,0.00519248,-0.0108469
3.03629,0.830148,-2.25794,0.998857,0.0459026,0.00487155,-0.0123924
3.02743,0.83187,-2.25619,0.998969,0.0429368,0.0045384,-0.0140027
3.01889,0.833678,-2.25397,0.99905,0.0404326,0.00422011,-0.0156933
3.00976,0.835744,-2.25121,0.999105,0.0383942,0.00390446,-0.0173423
3.00119,0.837816,-2.24841,0.999139,0.0368148,0.0035412,-0.0187815
2.9911,0.840897,-2.24604,0.999154,0.0358033,0.00316249,-0.0199779
2.98197,0.843618,-2.2434,0.999153,0.0351652,0.00282873,-0.0211967
2.97241,0.846371,-2.24023,0.999139,0.0348252,0.00246775,-0.0224052
2.96313,0.849028,-2.23692,0.999123,0.0346485,0.00208527,-0.0234365
2.95375,0.851925,-2.23418,0.999102,0.0347381,0.00174537,-0.0242127
2.94435,0.855226,-2.23188,0.999063,0.035358,0.00136118,-0.0249356
2.93534,0.858102,-2.22874,0.999015,0.0363049,0.000988316,-0.0254845
2.9263,0.860995,-2.22533,0.998952,0.0376496,0.000614664,-0.0260347
2.91746,0.863827,-2.22184,0.998876,0.0392296,0.000303684,-0.0266022
2.9084,0.866791,-2.21815,0.998791,0.0409694,-2.50787e-05,-0.0271543
2.8995,0.869724,-2.21441,0.998703,0.0427594,-0.000373308,-0.0276569
2.89074,0.872583,-2.21058,0.998613,0.0445529,-0.000671506,-0.0280608
2.88243,0.875309,-2.20683,0.998523,0.046414,-0.000926234,-0.028238
2.87367,0.878177,-2.20276,0.998433,0.0483105,-0.00120676,-0.0282094
2.86485,0.881022,-2.19855,0.998347,0.0501285,-0.00149723,-0.0280607
2.85597,0.88397,-2.19407,0.998262,0.0518921,-0.00176695,-0.0278885
2.8471,0.886943,-2.18942,0.99818,0.0535572,-0.0020139,-0.0276615
2.83838,0.889794,-2.18477,0.998104,0.0550582,-0.00223956,-0.0274181
2.83032,0.892418,-2.18062,0.998027,0.0565171,-0.0025089,-0.0272256
2.82182,0.895088,-2.17621,0.997945,0.0579328,-0.00278496,-0.0272417
2.8135,0.897661,-2.17164,0.997866,0.0591962,-0.00300835,-0.0273874
2.80506,0.900333,-2.16683,0.997785,0.0605576,-0.00322343,-0.0273455
2.79676,0.902763,-2.16192,0.997752,0.0611182,-0.00336405,-0.0272886
2.78844,0.905124,-2.15685,0.997742,0.0613606,-0.00348789,-0.0270824
2.78069,0.907412,-2.15231,0.997755,0.0612774,-0.00360382,-0.0267727
2.77241,0.909807,-2.1474,0.997778,0.061009,-0.00373718,-0.0265062
2.76469,0.91192,-2.14251,0.997807,0.0606325,-0.00382966,-0.0262879
2.75649,0.914042,-2.13705,0.99784,0.0601189,-0.0038938,-0.0261955
2.74888,0.915975,-2.13172,0.997886,0.0592932,-0.00400501,-0.0263112
2.74077,0.917952,-2.12586,0.997935,0.0582446,-0.00412739,-0.0267668
2.73255,0.919889,-2.11982,0.997979,0.0571509,-0.00418562,-0.0274503
2.72469,0.921736,-2.11395,0.99802,0.0561014,-0.00420685,-0.0281385
2.71678,0.923599,-2.10792,0.998058,0.0551218,-0.00431768,-0.028677
2.70885,0.925475,-2.10172,0.998096,0.0541837,-0.00450018,-0.0291256
2.7008,0.928343,-2.09599,0.998136,0.0531624,-0.00470315,-0.029597
2.69284,0.930801,-2.08989,0.998175,0.0521386,-0.00492705,-0.0300712
2.685,0.933001,-2.08358,0.998213,0.0510774,-0.00521406,-0.0305848
2.67744,0.935211,-2.07728,0.998272,0.0493391,-0.00561607,-0.031417
2.66985,0.937412,-2.07064,0.998294,0.048246,-0.00606269,-0.0323119
2.66231,0.939472,-2.06392,0.998314,0.0471305,-0.00651968,-0.0332465
2.65481,0.941441,-2.0571,0.998332,0.0459856,-0.00700698,-0.0341866
2.64737,0.943345,-2.05017,0.998349,0.0448284,-0.0075349,-0.0351213
2.63983,0.94523,-2.04301,0.998362,0.0436766,-0.00813412,-0.0360485
2.63242,0.947075,-2.03578,0.99837,0.0425702,-0.00881461,-0.0369836
2.62512,0.948818,-2.02853,0.998374,0.041485,-0.00953421,-0.0379211
2.61799,0.95042,-2.02131,0.998375,0.0404077,-0.0102891,-0.0388383
2.61108,0.951876,-2.01416,0.998376,0.0393041,-0.0111443,-0.0397036
2.60421,0.953238,-2.00689,0.998377,0.0381882,-0.012067,-0.0404992
2.59725,0.954831,-1.99977,0.998375,0.0370937,-0.0130734,-0.041234
2.59074,0.956411,-1.9931,0.998372,0.0360612,-0.014149,-0.0418744
2.58393,0.957974,-1.98577,0.998372,0.0345731,-0.0158406,-0.0425196
2.57735,0.959076,-1.97837,0.998363,0.0336833,-0.0170463,-0.042958
2.57081,0.960027,-1.97082,0.998355,0.0328449,-0.018286,-0.0432826
2.56436,0.960848,-1.96307,0.998342,0.0321628,-0.0196712,-0.043507
2.55788,0.961541,-1.9551,0.99832,0.0316064,-0.0211198,-0.0437254
2.5519,0.962057,-1.94771,0.998295,0.0310754,-0.0225419,-0.0439712
2.54564,0.962461,-1.93991,0.998261,0.0306006,-0.0240247,-0.0442859
2.53948,0.962766,-1.93214,0.99822,0.0302827,-0.0255325,-0.0445837
2.53347,0.963114,-1.92505,0.998172,0.0301804,-0.0271272,-0.0447958
2.52748,0.963321,-1.91758,0.998121,0.0302048,-0.0287468,-0.0449018
2.52162,0.963383,-1.91001,0.998069,0.0302694,-0.0304214,-0.0449065
2.51575,0.963303,-1.90226,0.998017,0.0303362,-0.0320749,-0.0448745
2.50995,0.963124,-1.89436,0.997961,0.0304678,-0.0337577,-0.0447968
2.50414,0.96282,-1.88624,0.997897,0.0307153,-0.0355226,-0.0446785
2.49853,0.962373,-1.87827,0.997828,0.03106,-0.0373134,-0.0445224
2.49289,0.961787,-1.87011,0.997754,0.0315213,-0.0391202,-0.0443171
2.4872,0.961231,-1.86167,0.997643,0.0324178,-0.041817,-0.0436819
2.48191,0.960531,-1.85369,0.997554,0.0333378,-0.043699,-0.0431856
2.47667,0.959795,-1.84566,0.997456,0.0345604,-0.045628,-0.0424988
2.47128,0.959429,-1.83736,0.997346,0.0360491,-0.0476463,-0.0416058
2.46605,0.958889,-1.82907,0.997233,0.0376661,-0.0496735,-0.0404993
2.40603,0.950777,-1.7178,0.995007,0.0598532,-0.0777368,-0.0183323
2.40148,0.950467,-1.70818,0.994779,0.0610939,-0.0800534,-0.0165557
2.39697,0.950099,-1.69862,0.994536,0.0623391,-0.0824491,-0.0146499
2.39248,0.94967,-1.68904,0.994281,0.0635539,-0.0848531,-0.0128635
2.38801,0.949147,-1.6792,0.99402,0.0647156,-0.0872229,-0.0113616
2.3836,0.948558,-1.6693,0.993751,0.0657408,-0.0896359,-0.0101114
2.3792,0.947967,-1.65942,0.993472,0.0666256,-0.0921579,-0.0090248
2.37471,0.94737,-1.6494,0.993195,0.067344,-0.0946683,-0.00810945
2.37025,0.946788,-1.63944,0.992927,0.067896,-0.097118,-0.0073186
2.36601,0.946241,-1.62987,0.992653,0.0682933,-0.099661,-0.0065485
2.3613,0.945939,-1.62019,0.992375,0.0685056,-0.102305,-0.00574958
2.3569,0.94555,-1.61074,0.992092,0.068679,-0.104938,-0.00495816
2.35229,0.945044,-1.60056,0.991808,0.0687919,-0.107542,-0.00429152
2.34765,0.944468,-1.59009,0.991513,0.0687936,-0.110253,-0.00374263
2.34313,0.943954,-1.57966,0.991208,0.0686183,-0.113083,-0.00332892
2.33855,0.943419,-1.569,0.990906,0.0683188,-0.115885,-0.00302149
2.33398,0.942826,-1.55838,0.990603,0.0679369,-0.118669,-0.00275187
2.32956,0.942188,-1.54799,0.990291,0.0673918,-0.121556,-0.00250369
2.32472,0.941392,-1.53657,0.989973,0.0666359,-0.124532,-0.00228958
2.31999,0.940565,-1.52543,0.989663,0.065657,-0.127484,-0.00206287
2.31537,0.939543,-1.51482,0.989351,0.0644636,-0.130485,-0.0019003
2.30768,0.93784,-1.4967,0.988836,0.062515,-0.135247,-0.00194514
2.30282,0.936777,-1.48517,0.988491,0.0610143,-0.138415,-0.00205828
2.29802,0.935727,-1.47372,0.988142,0.0593073,-0.141613,-0.00215684
2.29268,0.935016,-1.46243,0.987755,0.0573176,-0.145081,-0.00228395
2.28761,0.934182,-1.45111,0.987354,0.0553254,-0.148546,-0.00250043
2.28254,0.933252,-1.4394,0.986945,0.0533852,-0.151926,-0.00280027
2.27762,0.932319,-1.4278,0.98651,0.0515387,-0.155345,-0.00303519
2.27272,0.931388,-1.41609,0.98604,0.0497314,-0.158879,-0.00319173
2.2676,0.930452,-1.40445,0.985563,0.047879,-0.162367,-0.00331995
2.26256,0.929503,-1.39264,0.985073,0.046063,-0.165828,-0.00336217
2.2575,0.928514,-1.38055,0.984545,0.0442915,-0.169405,-0.00338012
2.25252,0.927499,-1.36852,0.983979,0.0425653,-0.173094,-0.00344511
2.24746,0.926427,-1.35627,0.983394,0.0408531,-0.176792,-0.00352765
2.24229,0.925178,-1.34432,0.982769,0.039189,-0.180602,-0.00359622
2.23718,0.923894,-1.33216,0.982118,0.0375889,-0.184438,-0.00367745
2.23216,0.922577,-1.32002,0.981437,0.0361549,-0.188308,-0.00380513
2.2272,0.921203,-1.30795,0.980729,0.0348786,-0.192197,-0.00390835
2.22181,0.919859,-1.29559,0.97963,0.0328845,-0.198063,-0.00382963
2.21633,0.918327,-1.28321,0.978838,0.0317188,-0.202128,-0.00385642
2.21107,0.916699,-1.27092,0.978025,0.03067,-0.206185,-0.00390079
2.20585,0.914943,-1.25846,0.97719,0.0296991,-0.210245,-0.00391418
2.20076,0.913092,-1.24614,0.976325,0.028755,-0.214353,-0.00385248
2.19561,0.911095,-1.23359,0.975425,0.0278769,-0.218527,-0.00376716
2.18967,0.908801,-1.22038,0.974475,0.0272333,-0.222807,-0.00366379
2.18364,0.906391,-1.20731,0.973489,0.0267694,-0.227136,-0.00348596
2.17802,0.903947,-1.19449,0.972481,0.0263471,-0.231464,-0.00327067
2.17264,0.901428,-1.1819,0.971455,0.0258935,-0.235784,-0.00316162
2.16673,0.898863,-1.16885,0.970381,0.0254226,-0.240219,-0.00321351
2.16055,0.896156,-1.15542,0.969274,0.024929,-0.244696,-0.00331763
2.15488,0.893377,-1.14254,0.968148,0.0244706,-0.249157,-0.0033705
2.14935,0.890439,-1.12964,0.966996,0.0240881,-0.25363,-0.00337466
2.14399,0.887412,-1.11698,0.965831,0.023744,-0.25806,-0.00338953
2.13858,0.884193,-1.10412,0.964648,0.0233929,-0.26248,-0.00342551
2.13233,0.880505,-1.09065,0.963395,0.0230502,-0.267072,-0.00338894
2.12589,0.876591,-1.07717,0.962113,0.0227237,-0.271681,-0.00331183
2.11985,0.872678,-1.06386,0.960842,0.0224225,-0.276168,-0.00328922
2.11424,0.868864,-1.05108,0.959552,0.0221625,-0.28064,-0.00328628
2.10879,0.865282,-1.03856,0.958223,0.0219288,-0.28516,-0.00326366
2.10298,0.861424,-1.02518,0.956881,0.021774,-0.289645,-0.0032817
2.09767,0.85772,-1.01291,0.95553,0.0217173,-0.294075,-0.00331417
2.09218,0.853688,-1.00011,0.954137,0.021743,-0.298561,-0.00340131
2.08666,0.849485,-0.987282,0.952722,0.0217613,-0.303044,-0.00351521
2.08002,0.844557,-0.973447,0.95127,0.0218217,-0.307564,-0.0036612
2.07343,0.839587,-0.960166,0.949782,0.0218928,-0.312121,-0.00384082
2.06715,0.834533,-0.946713,0.948275,0.021845,-0.316671,-0.00411402
2.06153,0.829821,-0.934349,0.946788,0.0216839,-0.321098,-0.00434906
2.0557,0.824761,-0.921264,0.945312,0.0214293,-0.325431,-0.00448667
2.0498,0.819547,-0.908175,0.943799,0.0211147,-0.329815,-0.00451823
2.0439,0.814256,-0.8952,0.942271,0.0207116,-0.334177,-0.00463624
2.03805,0.808876,-0.88224,0.940765,0.0202078,-0.338421,-0.00487931
2.03235,0.803484,-0.869515,0.939262,0.0195484,-0.342606,-0.00516404
2.02665,0.79797,-0.856763,0.937738,0.0187749,-0.346792,-0.00545293
2.02091,0.792304,-0.843925,0.936205,0.0179638,-0.350949,-0.00576963
2.01418,0.786307,-0.830343,0.93466,0.017208,-0.355075,-0.00606035
2.00777,0.780198,-0.816849,0.933117,0.0164575,-0.35914,-0.00630701
2.00144,0.773912,-0.803267,0.931575,0.0156789,-0.363152,-0.00659459
1.99517,0.767481,-0.78967,0.930027,0.0148346,-0.367127,-0.00692269
1.98897,0.760619,-0.776581,0.928481,0.0138644,-0.371051,-0.00726741
1.98292,0.753956,-0.763615,0.926942,0.0129304,-0.374903,-0.00766206
1.97683,0.747238,-0.750432,0.925404,0.0120582,-0.378705,-0.0080465
1.9709,0.740672,-0.737543,0.923873,0.0111693,-0.382446,-0.00834656
1.96509,0.73417,-0.724826,0.922348,0.0102635,-0.386128,-0.00857349
1.95941,0.727777,-0.71235,0.920822,0.00933477,-0.389772,-0.0087735
1.95341,0.72105,-0.699361,0.919309,0.00844881,-0.393343,-0.00899395
1.94748,0.714404,-0.686411,0.91782,0.00764948,-0.396816,-0.00922235
1.94178,0.708072,-0.673891,0.916361,0.0069899,-0.400181,-0.00939741
1.93605,0.701811,-0.661291,0.914927,0.00652894,-0.403454,-0.00948505
1.93076,0.696165,-0.649675,0.913522,0.00622264,-0.406633,-0.0093972
1.92522,0.690059,-0.637858,0.912167,0.00604531,-0.409671,-0.00921272
1.92008,0.684444,-0.627073,0.910853,0.0058299,-0.41259,-0.00901435
1.91458,0.678669,-0.615282,0.909535,0.00556511,-0.415493,-0.00895191
1.90898,0.672973,-0.603172,0.908238,0.0052467,-0.418324,-0.00898997
1.90342,0.667517,-0.591127,0.906972,0.00491247,-0.421063,-0.00911719
1.89828,0.662341,-0.579975,0.90577,0.00461036,-0.423641,-0.0093244
1.89266,0.656973,-0.567797,0.904581,0.00434622,-0.426169,-0.00968109
1.88702,0.651816,-0.555665,0.90342,0.00410357,-0.428616,-0.0102127
1.88143,0.646892,-0.543655,0.902293,0.00385326,-0.430968,-0.0109134
1.87615,0.642483,-0.532335,0.901201,0.00365713,-0.433227,-0.0117408
1.87078,0.637871,-0.520923,0.900142,0.0035885,-0.435398,-0.0127008
1.86573,0.633552,-0.510214,0.899115,0.00368899,-0.437476,-0.0138684
1.86024,0.629167,-0.498488,0.898094,0.0039866,-0.439516,-0.0154002
1.85513,0.625297,-0.487473,0.897107,0.00435665,-0.441464,-0.0170326
1.85037,0.621391,-0.476909,0.896212,0.00462779,-0.44321,-0.0186253
1.84537,0.617751,-0.465825,0.895313,0.00500521,-0.444964,-0.0199081
1.84016,0.614276,-0.454277,0.89442,0.00551584,-0.446698,-0.0210353
1.83477,0.611075,-0.442355,0.893186,0.00640363,-0.449077,-0.022545
1.8295,0.60811,-0.430694,0.892372,0.00710994,-0.450631,-0.0235394
1.82509,0.605536,-0.421658,0.891647,0.00764734,-0.451997,-0.024636
1.82011,0.602978,-0.411048,0.890926,0.00829741,-0.453347,-0.0256758
1.81536,0.600766,-0.400744,0.890216,0.00899237,-0.454669,-0.0266505
1.81033,0.598649,-0.389681,0.889511,0.0097782,-0.455978,-0.0275384
1.80556,0.596844,-0.379101,0.88884,0.0107298,-0.457222,-0.0282312
1.8004,0.594961,-0.368639,0.888209,0.0117237,-0.45839,-0.0287481
1.79557,0.593314,-0.359197,0.887604,0.0126925,-0.459507,-0.0291669
1.79048,0.591809,-0.34847,0.887011,0.0136591,-0.460601,-0.029523
1.78551,0.590543,-0.337551,0.886458,0.0145512,-0.461623,-0.0297368
1.78059,0.589464,-0.326428,0.885947,0.0153031,-0.462571,-0.0298782
1.77562,0.588376,-0.317719,0.885489,0.0157544,-0.463424,-0.0299693
1.77056,0.58754,-0.307497,0.885035,0.016267,-0.464267,-0.030065
1.76595,0.587035,-0.297603,0.884601,0.0167379,-0.465075,-0.030104
1.76107,0.586693,-0.2867,0.884203,0.0172153,-0.465813,-0.0301036
1.75608,0.586229,-0.276399,0.883888,0.0175819,-0.466406,-0.0299819
1.75104,0.585808,-0.266081,0.883598,0.0179393,-0.466952,-0.0298099
1.74618,0.585701,-0.255323,0.883292,0.0183541,-0.467528,-0.0295986
1.74141,0.58582,-0.244343,0.883034,0.0187991,-0.468014,-0.0293342
1.73672,0.586242,-0.23336,0.882802,0.0191935,-0.468474,-0.0287223
1.73221,0.58646,-0.223213,0.882661,0.0193359,-0.468761,-0.0282665
1.72783,0.586698,-0.213569,0.882604,0.0192214,-0.468896,-0.0278664
1.7236,0.58715,-0.203858,0.882602,0.0188093,-0.468925,-0.0277555
1.71909,0.587825,-0.193116,0.882574,0.0181012,-0.468995,-0.0279175
1.71469,0.588676,-0.182455,0.882567,0.0172058,-0.469027,-0.0281547
1.71028,0.589759,-0.171615,0.882628,0.0162361,-0.468932,-0.0284103
1.70559,0.590268,-0.162612,0.882727,0.0150928,-0.468757,-0.028845
1.70101,0.591258,-0.152608,0.882818,0.0139978,-0.468581,-0.0294776
1.69662,0.592583,-0.142331,0.882938,0.0128324,-0.468339,-0.0302565
1.69228,0.594209,-0.131683,0.883087,0.0115925,-0.468035,-0.0310855
1.68904,0.595902,-0.122944,0.883277,0.0102197,-0.467642,-0.0320571
1.68536,0.597919,-0.113004,0.883414,0.00916824,-0.467325,-0.0332108
1.68176,0.600053,-0.103274,0.883544,0.00846899,-0.466998,-0.0345255
1.67785,0.602485,-0.092622,0.883697,0.00803813,-0.466613,-0.0358856
1.67399,0.605037,-0.0819001,0.883861,0.00763276,-0.466211,-0.037119
1.67124,0.608434,-0.0723826,0.884168,0.00631598,-0.465507,-0.0388737
1.66806,0.61142,-0.0622342,0.884355,0.00494114,-0.465052,-0.0402338
1.66473,0.614214,-0.0519391,0.884555,0.00311765,-0.464565,-0.0416113
1.66131,0.616987,-0.0413624,0.88473,0.00120014,-0.464115,-0.042988
1.6579,0.619774,-0.0307316,0.884875,-0.000427574,-0.463704,-0.0444388
1.65563,0.622838,-0.0218634,0.885021,-0.00162232,-0.463261,-0.0460925
1.65349,0.626202,-0.0125744,0.885148,-0.00258803,-0.462823,-0.0479723
1.65113,0.629114,-0.00335146,0.885265,-0.00374487,-0.462368,-0.0500808
1.6484,0.631955,0.00683375,0.885365,-0.00524491,-0.461903,-0.0524136
1.64562,0.634661,0.0171411,0.885447,-0.00705805,-0.461437,-0.0548584
1.6429,0.637376,0.0274044,0.885528,-0.00890046,-0.460955,-0.0572749
1.6414,0.64093,0.0362983,0.885613,-0.0105879,-0.460466,-0.0595652
1.63948,0.644375,0.0460789,0.885703,-0.0116932,-0.460004,-0.0615586
1.6375,0.647702,0.0559635,0.885805,-0.0124353,-0.459553,-0.0632953
1.63573,0.651299,0.065227,0.885907,-0.0130701,-0.459082,-0.0651308
1.63408,0.654964,0.0743076,0.885995,-0.0137448,-0.458598,-0.0671649
1.63251,0.658719,0.0837003,0.886162,-0.0148147,-0.457794,-0.0701612
1.6309,0.662092,0.0934676,0.886236,-0.0152765,-0.457336,-0.0720872
1.62935,0.665563,0.103617,0.886284,-0.0156329,-0.456944,-0.073881
1.62792,0.669026,0.113808,0.88634,-0.0160174,-0.456551,-0.0755337
1.62886,0.673809,0.121229,0.886429,-0.0163595,-0.456122,-0.0770003
1.62911,0.677978,0.129763,0.886507,-0.0168059,-0.455737,-0.0782775
1.62905,0.681801,0.138753,0.886563,-0.0171666,-0.455408,-0.0794614
1.62889,0.68548,0.148015,0.88663,-0.0173021,-0.455092,-0.0804899
1.62944,0.690126,0.156473,0.886707,-0.0172427,-0.454797,-0.0813227
1.62979,0.694418,0.165539,0.886809,-0.016945,-0.45453,-0.0817628
1.63007,0.698252,0.174235,0.886924,-0.0165975,-0.454288,-0.0819256
1.63037,0.702167,0.183774,0.887055,-0.0162922,-0.454041,-0.0819486
1.63076,0.70594,0.193224,0.887224,-0.0162069,-0.453731,-0.0818528
1.63127,0.70968,0.202632,0.887409,-0.0162861,-0.453417,-0.0815663
1.63426,0.714773,0.209474,0.887612,-0.0162857,-0.453111,-0.081055
1.63642,0.719215,0.217235,0.887831,-0.0161653,-0.452821,-0.0802937
1.63819,0.723395,0.225811,0.888057,-0.0160108,-0.452544,-0.0793878
1.63981,0.727402,0.2348,0.888275,-0.0160099,-0.452288,-0.0783977
1.6414,0.731296,0.243926,0.888506,-0.0161961,-0.452022,-0.0772682
1.64407,0.735943,0.252361,0.88878,-0.0165566,-0.451709,-0.0758637
1.64637,0.740216,0.261096,0.889063,-0.0169841,-0.451399,-0.0742806
1.64852,0.744277,0.270056,0.889341,-0.017441,-0.4511,-0.0726435
1.65071,0.748298,0.279452,0.889589,-0.0179691,-0.450838,-0.071086
1.65296,0.752349,0.288789,0.889993,-0.019094,-0.450352,-0.0687891
1.65625,0.75657,0.296967,0.890218,-0.0198122,-0.450075,-0.0674671
1.65921,0.760525,0.305653,0.89044,-0.0205829,-0.449786,-0.0662222
1.66212,0.764457,0.314818,0.890668,-0.0212958,-0.449493,-0.0649072
1.66497,0.768233,0.323828,0.890897,-0.0219432,-0.449215,-0.06345
1.66795,0.772443,0.331858,0.891078,-0.0226078,-0.449031,-0.0619705
1.67099,0.776685,0.339471,0.891229,-0.0234005,-0.448871,-0.0606551
1.67411,0.780614,0.347816,0.891389,-0.0244136,-0.448658,-0.0594648
1.67723,0.784253,0.356288,0.891545,-0.0257778,-0.448434,-0.0582226
1.6804,0.787722,0.364869,0.891681,-0.0273907,-0.448225,-0.0569946
1.68334,0.791724,0.374212,0.891775,-0.0290949,-0.448058,-0.0559796
1.68657,0.795445,0.38337,0.891849,-0.0308896,-0.447909,-0.0550374
1.68998,0.798956,0.392338,0.891895,-0.0327007,-0.447799,-0.0541344
1.69349,0.802259,0.400978,0.891905,-0.0344733,-0.447737,-0.0533779
1.69727,0.805554,0.409743,0.891867,-0.0362207,-0.447739,-0.0528247
1.70112,0.808705,0.418244,0.891812,-0.0379926,-0.447745,-0.0524634
1.70509,0.811801,0.426711,0.891758,-0.0396832,-0.447739,-0.0521819
1.70918,0.814851,0.435123,0.891665,-0.0412608,-0.447812,-0.0519282
1.71339,0.817852,0.443473,0.891552,-0.0427858,-0.447923,-0.051656
1.7978,0.861383,0.567324,0.888228,-0.0542186,-0.451642,-0.0642794
1.80461,0.863552,0.573994,0.887928,-0.0538077,-0.452046,-0.0659027
1.81148,0.865855,0.580747,0.887617,-0.053353,-0.452476,-0.0674914
1.81869,0.868391,0.587649,0.887227,-0.0527098,-0.452991,-0.069631
1.82524,0.870543,0.593918,0.887035,-0.0523067,-0.45329,-0.0704309
1.83237,0.872978,0.600428,0.88674,-0.0514629,-0.453773,-0.0716463
1.8391,0.875213,0.606777,0.886526,-0.0502969,-0.45418,-0.0725443
1.8463,0.877504,0.613525,0.88636,-0.0489495,-0.454559,-0.0731211
1.85377,0.879918,0.620151,0.886146,-0.0473283,-0.455052,-0.0737105
1.8614,0.882241,0.626502,0.885994,-0.0463457,-0.455385,-0.074097
1.86943,0.884316,0.632584,0.885859,-0.0452498,-0.455751,-0.0741497
1.87746,0.886529,0.638598,0.885736,-0.0440462,-0.456141,-0.0739376
1.88569,0.888857,0.644659,0.885627,-0.0427009,-0.456515,-0.0737217
1.89404,0.891187,0.650675,0.885511,-0.0413995,-0.45687,-0.0736662
1.90212,0.893398,0.656379,0.88538,-0.0401946,-0.457227,-0.0736905
1.91077,0.895716,0.662333,0.885263,-0.0389726,-0.457558,-0.073698
1.91913,0.897935,0.668558,0.88519,-0.0376635,-0.457839,-0.0735057
1.92799,0.900242,0.67471,0.885126,-0.0362808,-0.458124,-0.0731945
1.93744,0.902639,0.680968,0.885063,-0.0349244,-0.458414,-0.0727989
1.94723,0.90479,0.686928,0.88503,-0.033594,-0.458662,-0.072267
1.95732,0.906867,0.692809,0.885013,-0.0323462,-0.45889,-0.0715962
1.9673,0.909015,0.69863,0.885,-0.0311769,-0.459118,-0.0708152
1.97746,0.91124,0.704495,0.885006,-0.0300278,-0.459318,-0.0699296
1.98803,0.913528,0.710503,0.88502,-0.0289531,-0.459511,-0.0689205
1.99856,0.915919,0.716335,0.885098,-0.0277055,-0.459713,-0.0670652
2.00911,0.917718,0.721805,0.88514,-0.0268504,-0.459857,-0.065856
2.01981,0.919685,0.72738,0.885179,-0.0260534,-0.459988,-0.0647406
2.03096,0.921793,0.733166,0.885203,-0.0253176,-0.460131,-0.0636721
2.04157,0.923836,0.738596,0.885242,-0.0246211,-0.460238,-0.0626307
2.05221,0.9259,0.743974,0.885295,-0.0238703,-0.460309,-0.0616305
2.0631,0.927995,0.749398,0.885337,-0.0231678,-0.460393,-0.0606549
2.07374,0.930123,0.754462,0.885372,-0.022686,-0.460486,-0.059615
2.08465,0.932243,0.759642,0.88543,-0.0223024,-0.460522,-0.058622
2.09573,0.934338,0.764864,0.885489,-0.0219769,-0.460548,-0.0576263
2.10679,0.936244,0.769994,0.885534,-0.0217058,-0.460601,-0.0566216
2.11777,0.93801,0.775023,0.885579,-0.0215932,-0.460632,-0.0556959
2.12892,0.939781,0.780088,0.885632,-0.0216354,-0.460626,-0.0548733
2.1402,0.94156,0.78518,0.885682,-0.0217607,-0.460608,-0.0541612
2.15177,0.943501,0.790302,0.885787,-0.0219503,-0.46051,-0.0531987
2.16459,0.944472,0.795044,0.885866,-0.0218294,-0.460403,-0.0528491
2.17688,0.945734,0.799863,0.885937,-0.0215575,-0.460296,-0.0527155
2.18827,0.94706,0.804436,0.885989,-0.021116,-0.460207,-0.0527972
2.2003,0.948577,0.809321,0.886008,-0.0204206,-0.460169,-0.0530839
2.21231,0.950165,0.814158,0.886025,-0.0194753,-0.460127,-0.0535084
2.22445,0.951802,0.818983,0.886044,-0.0182419,-0.460081,-0.0540273
2.2361,0.952835,0.823478,0.886041,-0.0167479,-0.460058,-0.0547492
2.24813,0.95413,0.828091,0.886027,-0.0149745,-0.460032,-0.0556997
2.25962,0.955484,0.83245,0.886007,-0.0130703,-0.459993,-0.0568053
2.27217,0.957019,0.837169,0.885979,-0.0110909,-0.459953,-0.057974
2.28393,0.958501,0.841535,0.885958,-0.00902811,-0.459899,-0.0590684
2.29639,0.959703,0.846172,0.885905,-0.00675344,-0.459912,-0.060063
2.30802,0.960688,0.850486,0.885843,-0.00436431,-0.459957,-0.0608424
2.32051,0.961983,0.855083,0.885772,-0.00196585,-0.460038,-0.0613971
2.33322,0.963415,0.85974,0.885673,0.00036338,-0.460184,-0.0617619
2.34565,0.964828,0.864328,0.885546,0.00262803,-0.46038,-0.0620599
2.35811,0.966264,0.868956,0.885407,0.00478309,-0.460604,-0.0622552
2.37072,0.967739,0.87363,0.885267,0.0067454,-0.46085,-0.0622496
2.38364,0.969239,0.878409,0.885139,0.00847653,-0.4611,-0.0620027
2.39679,0.970728,0.883286,0.885026,0.00988835,-0.461356,-0.0614918
2.4079,0.971685,0.887522,0.884874,0.0109178,-0.461755,-0.0605119
2.42054,0.97287,0.892284,0.884732,0.011659,-0.46215,-0.0594174
2.43265,0.974073,0.896825,0.884627,0.0123864,-0.46249,-0.0581836
2.44587,0.975419,0.901775,0.88453,0.0132357,-0.462816,-0.0568642
2.45916,0.976763,0.906755,0.884434,0.014066,-0.463142,-0.0554766
2.47194,0.977691,0.91225,0.884362,0.0146333,-0.463441,-0.0539658
2.48502,0.978679,0.917574,0.8843,0.0149176,-0.46371,-0.0525803
2.49826,0.979665,0.922821,0.884239,0.014891,-0.46397,-0.0512945
2.51177,0.980626,0.928097,0.884177,0.0145749,-0.464232,-0.0500796
2.52541,0.981531,0.933401,0.884122,0.0139552,-0.464475,-0.0489451
2.53897,0.982109,0.938253,0.884056,0.0129606,-0.464746,-0.0478334
2.55271,0.982719,0.943342,0.88399,0.0117075,-0.465002,-0.046888
2.56668,0.983347,0.948616,0.883931,0.0103082,-0.46523,-0.0460557
2.58057,0.983975,0.9539,0.883877,0.00884253,-0.465431,-0.0453623
2.5943,0.984586,0.95914,0.883814,0.0073843,-0.465624,-0.0448534
2.60812,0.985193,0.964415,0.883741,0.00588232,-0.465816,-0.044537
2.62185,0.985783,0.969612,0.883664,0.00425446,-0.466,-0.0443162
2.63492,0.986594,0.975329,0.88358,0.00106183,-0.466217,-0.0438878
2.64856,0.987188,0.980691,0.883501,-0.000998378,-0.466394,-0.0436086
2.6625,0.98776,0.98603,0.883424,-0.00305113,-0.466554,-0.0433539
2.67555,0.988282,0.990954,0.883357,-0.00508681,-0.466685,-0.0431285
2.68941,0.988818,0.996121,0.88328,-0.0070954,-0.46682,-0.0429652
2.70272,0.98922,1.00105,0.883191,-0.00797153,-0.466964,-0.0430628
2.71686,0.98995,1.00624,0.883086,-0.0110443,-0.467096,-0.0431093
2.73111,0.990281,1.0112,0.882986,-0.012929,-0.467212,-0.0433701
2.74544,0.990515,1.01605,0.882889,-0.0147329,-0.467319,-0.0436227
2.75884,0.990843,1.0206,0.882804,-0.0164395,-0.4674,-0.0438568
2.77331,0.991274,1.02552,0.882713,-0.0179397,-0.467482,-0.0442426
2.78775,0.991728,1.03042,0.882616,-0.0193314,-0.467566,-0.0446991
2.80233,0.992231,1.03533,0.88253,-0.0207544,-0.467643,-0.0449339
2.81619,0.992305,1.03986,0.882475,-0.022231,-0.467688,-0.0448423
2.83068,0.99261,1.04458,0.882439,-0.0237139,-0.467723,-0.0444385
2.84538,0.99305,1.04934,0.882421,-0.0252363,-0.467733,-0.0438545
2.86005,0.993573,1.05403,0.882421,-0.0269157,-0.467715,-0.0430231
2.87484,0.994151,1.0587,0.882415,-0.0286671,-0.467721,-0.0419454
2.8896,0.99496,1.06341,0.882399,-0.0301934,-0.467751,-0.0408667
2.90467,0.995751,1.06805,0.882408,-0.0314904,-0.467733,-0.039886
2.91984,0.99655,1.07258,0.882432,-0.0326263,-0.467694,-0.0388776
2.93501,0.997377,1.07698,0.88246,-0.0336104,-0.467668,-0.0377017
2.95013,0.998268,1.08124,0.882512,-0.0344112,-0.467622,-0.0363075
2.96564,0.999384,1.08541,0.882597,-0.0351382,-0.467552,-0.0344051
2.98138,1.00059,1.08949,0.88272,-0.0359591,-0.467434,-0.0318958
2.99724,1.0017,1.09352,0.882851,-0.0369917,-0.467294,-0.0290147
3.01312,1.00272,1.09747,0.882963,-0.0381713,-0.467162,-0.0260691
3.02886,1.00384,1.10125,0.883138,-0.0400279,-0.466899,-0.0216926
3.04433,1.00512,1.10521,0.883206,-0.0408659,-0.466819,-0.0189128
3.05995,1.0063,1.10893,0.883277,-0.0415539,-0.46673,-0.016079
3.0759,1.00748,1.11251,0.883365,-0.0420809,-0.466607,-0.0131656
3.09189,1.00865,1.11591,0.883475,-0.0424297,-0.46644,-0.0102292
3.10791,1.00983,1.11916,0.883581,-0.0425632,-0.466283,-0.00730679
3.12373,1.01118,1.12229,0.883666,-0.0426962,-0.466148,-0.00425652
3.13961,1.01264,1.1253,0.883761,-0.0428814,-0.465968,-0.001025
3.15523,1.01402,1.1281,0.883874,-0.0430988,-0.46573,0.00231383
3.17089,1.01533,1.13074,0.883974,-0.0433479,-0.465487,0.00564115
3.18621,1.016,1.13283,0.884075,-0.0434885,-0.465233,0.00883216
3.20069,1.01679,1.13478,0.884215,-0.0437259,-0.46488,0.0117732
3.21629,1.01774,1.13682,0.88437,-0.0440066,-0.464482,0.0144509
3.23097,1.0187,1.13864,0.884521,-0.0443103,-0.46408,0.0169864
3.24626,1.01947,1.14063,0.88469,-0.0446104,-0.463633,0.019454
3.26135,1.02014,1.14251,0.884905,-0.04491,-0.463083,0.0219255
3.2767,1.02097,1.14417,0.885129,-0.0452259,-0.462504,0.0243217
3.29113,1.02184,1.14554,0.885363,-0.0455775,-0.461897,0.0265795
3.30654,1.02278,1.14681,0.885605,-0.0459272,-0.461272,0.0286856
3.32079,1.02292,1.14774,0.885892,-0.0462795,-0.46056,0.0306141
